1625226956479275019,Mark Thomas Bertolini,mtbert,2023-02-13 20:14:36+00:00,@GA_Cutie_Pi For what service?,0,0,2,64
1717682907756580922,Mark Thomas Bertolini,mtbert,2023-10-26 23:21:32+00:00,"@POTUS Blah, blah, blah.  More useless drivel by an impotent administration that has done absolutely nothing to meet its campaign promise to enact gun control.  You are complicit by your inaction.",0,0,1,244
1692690898319020069,Mark Thomas Bertolini,mtbert,2023-08-19 00:12:13+00:00,@ShelArchambeau You go girl!!,2,0,2,48
1684030643812941824,Mark Thomas Bertolini,mtbert,2023-07-26 02:39:27+00:00,@Sophia_Nyx Secret Garden,0,0,0,126
1717682198331953629,Mark Thomas Bertolini,mtbert,2023-10-26 23:18:43+00:00,@VP Useless drivel from an administration that only talks and never acts.  Save your words of sympathy.  You are complicit by your inability to act.,0,0,0,97
1620520044844257280,Mark Thomas Bertolini,mtbert,2023-01-31 20:31:01+00:00,@DanielNewman Those people‚Ä¶,0,0,0,56
1636893195383570435,Mark Thomas Bertolini,mtbert,2023-03-18 00:52:04+00:00,@AccountableGOP Treasonous commentary!,5,0,2,5105
1652382998195568642,Mark Thomas Bertolini,mtbert,2023-04-29 18:43:01+00:00,@RnRNationlive @RnRliveRadio Pink Floyd,0,0,0,91
1620187807770886144,Mark Thomas Bertolini,mtbert,2023-01-30 22:30:49+00:00,@historyrock_ Led Zeppelin hands down!,33,0,3,1776
1692688013858423079,Mark Thomas Bertolini,mtbert,2023-08-19 00:00:45+00:00,@Sophia_Nyx Raising Arizona,0,0,0,23
1641065916820602880,Mark Thomas Bertolini,mtbert,2023-03-29 13:12:58+00:00,@We_Like_D0gs Smedley!,0,0,0,115
1566431861521391616,Mark Thomas Bertolini,mtbert,2022-09-04 14:23:53+00:00,@MariamD0607 Amazing!,1,0,1,Unavailable
1686060297415540752,Mark Thomas Bertolini,mtbert,2023-07-31 17:04:35+00:00,@historyrock_ No contest!  Robert Plant.,0,0,0,95
1636880952130514947,Mark Thomas Bertolini,mtbert,2023-03-18 00:03:25+00:00,Run from this company!!!,3,0,1,1174
1637136435521241090,Mark Thomas Bertolini,mtbert,2023-03-18 16:58:37+00:00,@Terence_Wilson1 @ATomIC1943 @jalan_jeff @AccountableGOP One of those coyote mornings!,0,0,0,93
1487140810785124356,Mark Thomas Bertolini,mtbert,2022-01-28 19:09:33+00:00,@DtjBarch Agreed https://t.co/gfr0WTq02m,0,0,0,Unavailable
1681816260902830082,Mark Thomas Bertolini,mtbert,2023-07-20 00:00:17+00:00,@EzraEfrat Absolutely!  The only missing ingredient is a dog!,0,0,0,105
1515379251725414404,Mark Thomas Bertolini,mtbert,2022-04-16 17:19:02+00:00,@WKCDOGS This crazy girl! https://t.co/rdD0Z81SCq,1,0,0,Unavailable
1651060835375017984,Mark Thomas Bertolini,mtbert,2023-04-26 03:09:13+00:00,@RnRNationlive @RnRliveRadio Three Dog Night,0,0,0,66
1570047515650580481,Mark Thomas Bertolini,mtbert,2022-09-14 13:51:12+00:00,@marcuslemonis Sustainable communities.,0,0,0,Unavailable
1412928373425377289,Mark Thomas Bertolini,mtbert,2021-07-08 00:15:49+00:00,@WKCDOGS Excuse me? https://t.co/7JO6VszO88,3,0,0,Unavailable
1676699651632689156,Mark Thomas Bertolini,mtbert,2023-07-05 21:08:43+00:00,@DrMoneyTrees John Wick 2,3,0,0,161
1636872870306480129,Mark Thomas Bertolini,mtbert,2023-03-17 23:31:18+00:00,@QuestDX What a bunch of BS.  Go to LabCorp.  @QuestDX is a sham!,0,0,0,60
1569724188948307969,Mark Thomas Bertolini,mtbert,2022-09-13 16:26:25+00:00,@marcuslemonis ‚Ä¶no one gets out of it alive!,2,0,1,Unavailable
1636902859982753793,Mark Thomas Bertolini,mtbert,2023-03-18 01:30:28+00:00,"@ReturnofR Roy Rogers‚Ä¶an amazing song!

https://t.co/UN8LOdTRjd",10,1,0,836
1489663209195798530,Mark Thomas Bertolini,mtbert,2022-02-04 18:12:40+00:00,@DanielNewman ‚Ä¶that they hate dogs‚Ä¶,0,0,0,Unavailable
1636873506808901632,Mark Thomas Bertolini,mtbert,2023-03-17 23:33:50+00:00,@QuestDX makes promises they can‚Äôt keep just to get you off the phone!  Go to LabCorp!,0,1,0,968
1459288447173246988,Mark Thomas Bertolini,mtbert,2021-11-12 22:34:12+00:00,@SangriaBia https://t.co/kR9wWGrAoN,0,0,0,Unavailable
1620820463864668161,Mark Thomas Bertolini,mtbert,2023-02-01 16:24:46+00:00,"@ReturnofR Journey, Chicago (especially Peter Et cetera)",2,0,3,2421
1501781619237138435,Mark Thomas Bertolini,mtbert,2022-03-10 04:46:54+00:00,"@prasad_reads @sabpeds @Aetna Since I have not had any management oversight since I retired in November 2018, I have no idea how prior authorization has evolved at Aetna/CVS.",0,0,0,Unavailable
1506680044172853261,Mark Thomas Bertolini,mtbert,2022-03-23 17:11:29+00:00,@MariamD0607 It‚Äôs a tough lifeüòé,1,0,1,Unavailable
1636910985763078146,Mark Thomas Bertolini,mtbert,2023-03-18 02:02:45+00:00,@joeybagovdonuts Alice Cooper  Killer 1971,0,0,0,55
1603416438412222464,Mark Thomas Bertolini,mtbert,2022-12-15 15:47:23+00:00,@rickyricksmusic Yes‚Ä¶.vice grips.,0,0,0,Unavailable
1620965702030225408,Mark Thomas Bertolini,mtbert,2023-02-02 02:01:54+00:00,@dellajean521 Peter Et cetera had a unique voice and sang in the same key on every song which resulted in every song being a variation of older songs ergo Et cetera.,0,0,1,408
1566879310220337154,Mark Thomas Bertolini,mtbert,2022-09-05 20:01:53+00:00,@SharonSalzberg Support,1,0,1,Unavailable
1454932320071426048,Mark Thomas Bertolini,mtbert,2021-10-31 22:04:31+00:00,@AlanBaxter https://t.co/JrMlmnsNVW,2,1,0,Unavailable
1650971597950316552,Mark Thomas Bertolini,mtbert,2023-04-25 21:14:37+00:00,@RnRNationlive @RnRliveRadio Go Gos,1,0,0,75
1470146017354043399,Mark Thomas Bertolini,mtbert,2021-12-12 21:38:19+00:00,@MariamD0607 Happy belated birthday mom!!,1,0,1,Unavailable
1637594808553295873,Mark Thomas Bertolini,mtbert,2023-03-19 23:20:02+00:00,"@ReturnofR Pink Floyd Dark Side of the Moon at Olympia Stadium in Detroit, MI 1972",9,0,1,882
1609033275720486912,Mark Thomas Bertolini,mtbert,2022-12-31 03:46:41+00:00,"@ReturnofR Shine On You Crazy Diamond, an amazing tribute to the great Syd Barrett, the original heart and soul of Pink Floyd.",4,0,1,465
1450804077286334473,Mark Thomas Bertolini,mtbert,2021-10-20 12:40:21+00:00,@MariamD0607 Keeping her in my thoughts and prayers Mariam!,2,0,1,Unavailable
1485330901974142976,Mark Thomas Bertolini,mtbert,2022-01-23 19:17:37+00:00,@DanielNewman Prince.,1,0,0,Unavailable
1674145711258992645,Mark Thomas Bertolini,mtbert,2023-06-28 20:00:16+00:00,@mariots @OscarHealth Amazing insights for all staring at this new space.  I am proud to be part of the Oscar team!,5,0,0,821
1602298208067223554,Mark Thomas Bertolini,mtbert,2022-12-12 13:43:56+00:00,"@midgetmoxie @bales1181 Planes, Trains and Automobiles",18,0,0,Unavailable
1473652797098713088,Mark Thomas Bertolini,mtbert,2021-12-22 13:53:00+00:00,@MariamD0607 üí™üëçüôè,1,0,1,Unavailable
1484915943134281728,Mark Thomas Bertolini,mtbert,2022-01-22 15:48:43+00:00,@MariamD0607 Keeping her in my thoughts and prayers.,1,0,1,Unavailable
1602685897375367170,Mark Thomas Bertolini,mtbert,2022-12-13 15:24:29+00:00,"@lofcr1 Every Breath You Take 

https://t.co/RSvepC7J4R",13,1,0,Unavailable
1424778770213310467,Mark Thomas Bertolini,mtbert,2021-08-09 17:05:04+00:00,@NateHan_sen2 True‚Ä¶where you can‚Äôt see it or taste it!,1,0,1,Unavailable
1637114449168416769,Mark Thomas Bertolini,mtbert,2023-03-18 15:31:15+00:00,@BasedDJackson @AccountableGOP Sad little man:) Obviously a Trumper.  Same syntax and brainless response as that insurrectionist.,0,0,1,117
1655281053110611975,Mark Thomas Bertolini,mtbert,2023-05-07 18:38:51+00:00,"@ReturnofR Down to who knows who, just to socialize‚Ä¶",0,0,0,136
1654616925173866502,Mark Thomas Bertolini,mtbert,2023-05-05 22:39:50+00:00,@DanielNewman The original Night of the Living Dead,0,0,0,59
1636876256888143872,Mark Thomas Bertolini,mtbert,2023-03-17 23:44:45+00:00,@AccountableGOP What a freak.  Go sell your pillows!,8,1,1,6207
1636913682121621509,Mark Thomas Bertolini,mtbert,2023-03-18 02:13:28+00:00,‚Ä¶.and the dreadful experience at @QuestDX continues.  I wonder who leads this reckless place?,3,0,0,1264
1659908872704778240,Mark Thomas Bertolini,mtbert,2023-05-20 13:08:09+00:00,@RnRNationlive @RnRliveRadio Dwight Yoakam in Sling Blade,0,0,0,103
1602696041140260867,Mark Thomas Bertolini,mtbert,2022-12-13 16:04:47+00:00,"@ReturnofR Lord of the Thighs

https://t.co/mNo4wVAcNl",2,0,0,Unavailable
1636880101324275712,Mark Thomas Bertolini,mtbert,2023-03-18 00:00:02+00:00,"If you have a serious condition, do t go to @QuestDX .  Go to @Labcorp",3,1,1,1682
1608518463357849600,Mark Thomas Bertolini,mtbert,2022-12-29 17:41:01+00:00,"@WhalersPlates Governor Malloy rejected that very proposal, including turning Trumbull into an open-air mall and bringing a new team (then the Atlanta Thrashers) to Hartford.  His comment was ‚Äúwe don‚Äôt need an NHL team in Hartford‚Äù.",3,2,3,2347
1620082936778477568,Mark Thomas Bertolini,mtbert,2023-01-30 15:34:06+00:00,@crzyhorsefan @TodaysDayToday Been there‚Ä¶done that!,1,0,0,96
1637131652034883593,Mark Thomas Bertolini,mtbert,2023-03-18 16:39:36+00:00,@BasedDJackson @AccountableGOP You are soooo cute!,0,0,0,121
1424400587181854723,Mark Thomas Bertolini,mtbert,2021-08-08 16:02:18+00:00,"@NateHan_sen2 It depends on my mood.  Civilized, gentility‚Ä¶on top.  Ravenous, feral‚Ä¶mix it all up!",1,0,1,Unavailable
1674146197848588288,Mark Thomas Bertolini,mtbert,2023-06-28 20:02:12+00:00,"Amazing insights by Mario.  Clear, concise and realistic.  I am very proud to be part of the Oscar team!",11,1,1,1931
1478057426523881473,Mark Thomas Bertolini,mtbert,2022-01-03 17:35:26+00:00,@JuliaLaRoche Thank you Julia.  Great to see you a few weeks ago.,2,0,0,Unavailable
1573117161572376582,Mark Thomas Bertolini,mtbert,2022-09-23 01:08:53+00:00,@ReturnofR Chicago with Peter Excetera.,1,0,0,Unavailable
1636914558051778560,Mark Thomas Bertolini,mtbert,2023-03-18 02:16:57+00:00,Check out @QuestDX Consumer Reports and BBB ratings.  It is hard to find a score higher than 1 out of 5.  I wonder how that translates into their Net Promoter Scores‚Ä¶.hmmmm.,2,0,0,1135
1503443844553232391,Mark Thomas Bertolini,mtbert,2022-03-14 18:51:59+00:00,"@DanielNewman Thnk ouy Dnil.  Nbudy iz nrmel, butt wee era awl prfik az wee arr‚Ä¶",1,0,0,Unavailable
1488708478407360515,Mark Thomas Bertolini,mtbert,2022-02-02 02:58:54+00:00,"@DanielNewman Fiesole, Italy just outside of my favorite city in the world‚Ä¶Florence.",4,0,0,Unavailable
1620186667914240000,Mark Thomas Bertolini,mtbert,2023-01-30 22:26:17+00:00,"@ReturnofR I have to agree with the many comments regarding the album itself.  I have never listened to one track from the album.  When I put the needle on the vinyl, I play it all the way through.",11,0,0,461
1621922246464835584,Mark Thomas Bertolini,mtbert,2023-02-04 17:22:52+00:00,"@ReturnofR In the Evening- Led Zepplon

https://t.co/Jwj5KNO3Ep",6,0,2,720
1519665741531955201,Mark Thomas Bertolini,mtbert,2022-04-28 13:12:01+00:00,@MuggleInKhakis Thanks Steven.  I am actually back to work as the co-CEO of Bridgewater Associates.  I trust life is treating you well!,3,1,0,Unavailable
1609032868017344512,Mark Thomas Bertolini,mtbert,2022-12-31 03:45:04+00:00,@fom4834 @ReturnofR I couldn‚Äôt agree more.  The backstory of this tribute to Syd Barrett is heartbreaking!,4,0,1,227
1421118321861152775,Mark Thomas Bertolini,mtbert,2021-07-30 14:39:45+00:00,@thehill @tedcruz Mr President has there ever been a senator who has discredited himself more rapidly than Senator Cruz?,1,0,0,Unavailable
1686059791221768199,Mark Thomas Bertolini,mtbert,2023-07-31 17:02:34+00:00,@Sophia_Nyx Casino,0,0,0,79
1608482611051266049,Mark Thomas Bertolini,mtbert,2022-12-29 15:18:33+00:00,"@DanielNewman Anxiety creates a fear of uncertainty
1. When anxiety arises, recognize that issue is a manifestation of that fear
2. Identify where in your body you feel it
3. Open that door and embrace the fear
4. Let the fear rip
5. When it peaks, let it go
6. Do something enjoyable",4,0,1,865
1655724873795117070,Mark Thomas Bertolini,mtbert,2023-05-09 00:02:26+00:00,"@danopaquette Streets of Bakersfield by Dwight Yokim

https://t.co/HuTM0V0gxl",0,0,0,116
1659232988968755205,Mark Thomas Bertolini,mtbert,2023-05-18 16:22:26+00:00,@AccountableGOP Village idiot!,2,0,0,73
1636875079203053569,Mark Thomas Bertolini,mtbert,2023-03-17 23:40:05+00:00,@QuestDX compromises patient safety.  How can I prepare for my doctor visit on Monday if I can‚Äôt get my results?  My tests were drawn over two weeks ago!  I was promised the results today just to get me off the phone.  Run!  This company is dangerous!!!!,1,1,0,887
1478502802947121153,Mark Thomas Bertolini,mtbert,2022-01-04 23:05:12+00:00,@SarahO_Connell 3,1,0,0,Unavailable
1473136613936955393,Mark Thomas Bertolini,mtbert,2021-12-21 03:41:52+00:00,"@DirtyF4ceSquaw Remember when you were young
You shone like the sun

Shine on, you crazy diamond

Now there‚Äôs a look in your eyes
Like black holes in the sky",4,0,0,Unavailable
1636878591723028481,Mark Thomas Bertolini,mtbert,2023-03-17 23:54:02+00:00,"@QuestDX doesn‚Äôt care about patient safety.  If you can‚Äôt get your test results, now can you know how you are doing?  Run from this company!  Go to @Labcorp",0,0,0,41
1488708874710368256,Mark Thomas Bertolini,mtbert,2022-02-02 03:00:29+00:00,"@fidelco Fidelco dogs are the very best. Pure love, joy and energy!",3,0,0,Unavailable
1636872526507720705,Mark Thomas Bertolini,mtbert,2023-03-17 23:29:56+00:00,"@QuestDX is a disgrace.  Their value statement states that they want to empower people with information to lead a healthier life‚Ä¶what a joke‚Ä¶only words on a page.  I can‚Äôt get test results out of this place without raising hell, and when I do, they blame me.  Go to LabCorp.",0,0,0,33
1415863706005561349,Mark Thomas Bertolini,mtbert,2021-07-16 02:39:47+00:00,@stevenspohn The Richest Man in Babylon by George Clason 1926,1,0,0,Unavailable
1417472088797970441,Mark Thomas Bertolini,mtbert,2021-07-20 13:10:55+00:00,@Vtgrl50 @TodaysDayToday It will be soon.  Hold on tightüò¨üòé,1,0,0,Unavailable
1608486173013585927,Mark Thomas Bertolini,mtbert,2022-12-29 15:32:42+00:00,"@moizali Never count other people‚Äôs money!  If you were happy with what you have and then develop envy of what others have, you are counting their money.  Absent knowing their whole story, their traumas and their journey, you can‚Äôt know that they are happier than you.  What is your goal?",1,0,0,435
1488565114810687490,Mark Thomas Bertolini,mtbert,2022-02-01 17:29:14+00:00,‚ÄúI am@excited to share this new case study on the #partnership between @BrightInsight and @CSL Behring! It details how the BrightInsight Platform was selected to host CSL Behring‚Äôs groundbreaking Hizentra app for patients with rare diseases.‚Äù,3,1,1,Unavailable
1487853761020133377,Mark Thomas Bertolini,mtbert,2022-01-30 18:22:34+00:00,@DanielNewman No human should ever treat a dog badly.  Unconditional love must be a two-way street with our furry friends.,3,0,0,Unavailable
1422583080733188101,Mark Thomas Bertolini,mtbert,2021-08-03 15:40:11+00:00,@the_jstillwell @TodaysDayToday Until midnight‚Ä¶then it‚Äôs tomorrow!,1,0,0,Unavailable
1518659743451131904,Mark Thomas Bertolini,mtbert,2022-04-25 18:34:32+00:00,@mikewhitmore 8,0,0,0,Unavailable
1636875842679713794,Mark Thomas Bertolini,mtbert,2023-03-17 23:43:07+00:00,@QuestDX is endangering patient safety!  I can‚Äôt get my test results after two weeks of waiting for an important doctors visit on Monday.  Not the first time.  Run from this company!!! Go to LabCorp!!,0,1,0,806
1409824966837780481,Mark Thomas Bertolini,mtbert,2021-06-29 10:44:00+00:00,@stevenspohn From what well does the strength of your courage eternally spring?,1,0,0,Unavailable
1422010785853632512,Mark Thomas Bertolini,mtbert,2021-08-02 01:46:05+00:00,"@stevenspohn Intractable neuropathic pain can‚Äôt be seen other than through my reaction to it.  I have worked hard to manage my reaction to the pain so that I don‚Äôt distract others and my own train of thought.  The better I get at managing these reactions, the more invisible my pain becomes.",2,0,0,Unavailable
1565432291941392386,Mark Thomas Bertolini,mtbert,2022-09-01 20:11:57+00:00,"Life versus Death‚Ä¶Lies versus Truth. In the end, it is the journey that defines both extremes. https://t.co/W71vo9tQiP",3,1,1,Unavailable
1422011229942419456,Mark Thomas Bertolini,mtbert,2021-08-02 01:47:51+00:00,@stevenspohn The natural reaction from@others is that my pain ‚Äúis better‚Äù or ‚Äúgone‚Äù when it is actually as bad if not worse than it ever has been.  Very frustrating!  I hate being patronized and/or psychoanalyzed!,2,0,1,Unavailable
1437942580885348354,Mark Thomas Bertolini,mtbert,2021-09-15 00:53:21+00:00,@stevenspohn Matrix Revolution,0,0,0,Unavailable
1444397550304468998,Mark Thomas Bertolini,mtbert,2021-10-02 20:23:06+00:00,@niawag1 @TodaysDayToday https://t.co/386FGzJZZX,0,0,0,Unavailable
1695869041716417011,"Lisa T. Su, Ph.D.",LisaSu,2023-08-27 18:41:01+00:00,Congrats to the amazing Sota Fujii on his recent tournament win and as the youngest holder of 7 major Shogi titles.  It was great to meet Fujii-san recently in Tokyo and thrilled that he is a fan of  @AMDRyzen. https://t.co/WpIpKXABK9,3774,1354,38,947309
1606443353968873473,"Lisa T. Su, Ph.D.",LisaSu,2022-12-24 00:15:16+00:00,Happy Holidays and thanks @Microsoft @panos_panay for my #WindowsUglySweater ü§£ https://t.co/j0kauI5W8n,4054,170,74,280497
1716225671591071853,"Lisa T. Su, Ph.D.",LisaSu,2023-10-22 22:51:00+00:00,Gorgeous afternoon with friends and partners at the #AustinGP - congrats @MercedesAMGF1 @LewisHamilton on a great race! https://t.co/oreonGMfqX,1295,70,24,108618
1716951324980621621,"Lisa T. Su, Ph.D.",LisaSu,2023-10-24 22:54:29+00:00,"It was wonderful to be at #LenovoTechWorld and join @YuanqingYang to talk about the tremendous partnership between @Lenovo and @AMD across devices, infrastructure and solutions.  Looking forward to all we will do together to enable ‚ÄúAI for All‚Äù in the coming years! https://t.co/VvjZkSzXyB",304,30,14,41348
1523301185163513861,"Lisa T. Su, Ph.D.",LisaSu,2022-05-08 13:57:58+00:00,Happy Mother‚Äôs Day to all mothers who do so much for us.  Thank you mom.  #HappyMothersDay https://t.co/DbI8ptfw2A,2381,112,37,Unavailable
1657731849572024323,"Lisa T. Su, Ph.D.",LisaSu,2023-05-14 12:57:26+00:00,Happy Mother‚Äôs Day to all mothers who do so much.  Thanks mom for always being my best friend and inspiration.‚ù§Ô∏è#HappyMothersDay https://t.co/lUTNvcFWpY,1895,70,32,105935
1493424044577734659,"Lisa T. Su, Ph.D.",LisaSu,2022-02-15 03:16:53+00:00,A wonderful day welcoming Team @XilinxInc to the @amd family! https://t.co/gweOuImbW2,2071,176,66,Unavailable
1717253352554144072,"Lisa T. Su, Ph.D.",LisaSu,2023-10-25 18:54:38+00:00,@EnriqueJLores @HP @RyanPatelGlobal @AMD Thanks for the invitation to the @HP Garage @EnriqueJLores.  So much history‚Ä¶ truly inspiring‚Ä¶ and really enjoyed chatting with @RyanPatelGlobal.,22,3,1,2646
1681466893092397057,"Lisa T. Su, Ph.D.",LisaSu,2023-07-19 00:52:02+00:00,"Great day in Taiwan meeting with our @AMD team ‚ò∫Ô∏è.  So much energy, excitement and fun!! https://t.co/ST6HFkCPuS",1593,180,43,149946
1600334978847735808,"Lisa T. Su, Ph.D.",LisaSu,2022-12-07 03:42:46+00:00,"An exciting day attending the  #TSMCArizona opening ceremony with so many partners and friends.  A historic day for TSMC, the industry and the US semiconductor ecosystem! https://t.co/o0pLwOXnO7",1545,192,40,Unavailable
1589824661202022402,"Lisa T. Su, Ph.D.",LisaSu,2022-11-08 03:38:31+00:00,@TechEpiphany Thanks! ‚ò∫Ô∏è,187,2,17,Unavailable
1564404089458495488,"Lisa T. Su, Ph.D.",LisaSu,2022-08-30 00:06:14+00:00,So much fun today launching @AMDRyzen 7000 series with Zen 4 and our brand new AM5 platform!  Great to have our press and analysts with us in person for the first time in a few years! https://t.co/K5DsEJgmHn,3279,446,106,Unavailable
1689316369484148736,"Lisa T. Su, Ph.D.",LisaSu,2023-08-09 16:43:03+00:00,Great to be with @bestbuy team this week.  Loved seeing the new @amd and @microsoft display in-store with all the fantastic new @ryzen PCs! https://t.co/LibNb0sKnF,410,38,17,61539
1588331372892258305,"Lisa T. Su, Ph.D.",LisaSu,2022-11-04 00:44:43+00:00,"Had a great day today!  Say hello to @AMD RDNA 3, the world‚Äôs first chiplet gaming GPU powering our new @radeon RX 7900 Series graphics cards!! üëç https://t.co/FmAnVERlFM",5510,597,196,Unavailable
1609605558310690816,"Lisa T. Su, Ph.D.",LisaSu,2023-01-01 17:40:44+00:00,"Happy New Year!!!  Welcome to 2023‚Ä¶.. excited for all that we have ahead of us‚Ä¶. Wishing everyone a happy, healthy and prosperous year!",1213,63,60,156864
1473070790912401417,"Lisa T. Su, Ph.D.",LisaSu,2021-12-20 23:20:19+00:00,Getting into the holiday spirit‚Ä¶ thanks @panos_panay @Windows for the partnership and look forward to a very exciting 2022 together! https://t.co/WfisFXzEaD,5826,346,154,Unavailable
1478003330463019010,"Lisa T. Su, Ph.D.",LisaSu,2022-01-03 14:00:28+00:00,Happy New Year and welcome to 2022!  We are kicking off the year with lots of new tech - hope you will join us for our #AMD2022 Product Premiere on January 4th at 7am PT: https://t.co/ixOLhxjkuM https://t.co/DT0pXHiLXw,2960,419,103,Unavailable
1710693785116537040,"Lisa T. Su, Ph.D.",LisaSu,2023-10-07 16:29:16+00:00,Loved spending time with our phenomenal team in Markham!  Thanks @AMD Canada for all the amazing innovation across our portfolio.  ü§ó https://t.co/aShdqp0e8x,450,36,12,81354
1624981266763288576,"Lisa T. Su, Ph.D.",LisaSu,2023-02-13 03:58:19+00:00,What a great game!  Congratulations to the #SuperBowl Champs @Chiefs https://t.co/JcBLhspl8n,789,58,65,290456
1584315961020411904,"Lisa T. Su, Ph.D.",LisaSu,2022-10-23 22:48:54+00:00,So much fun to spend the afternoon at the #AustinGP with @MercedesAMGF1 great friends and partners! https://t.co/M8IJtvtjuz,852,45,33,Unavailable
1563144709337665537,"Lisa T. Su, Ph.D.",LisaSu,2022-08-26 12:41:55+00:00,Wonderful to visit our @amd teams in Colorado this week!! https://t.co/UDI3aJrcIm,617,40,26,Unavailable
1568748325763166208,"Lisa T. Su, Ph.D.",LisaSu,2022-09-10 23:48:41+00:00,"Honored to be inducted into the @americanacad today with such an inspiring, accomplished and diverse group of leaders! https://t.co/ScZT398KKR",777,66,39,Unavailable
1714246606302659044,"Lisa T. Su, Ph.D.",LisaSu,2023-10-17 11:46:54+00:00,So much fun visiting the original @HP garage and chatting with @RyanPatelGlobal about tech and more.  Thank you @EnriqueJLores for having me.,252,28,14,60643
1478719292367646724,"Lisa T. Su, Ph.D.",LisaSu,2022-01-05 13:25:27+00:00,Thanks to all who joined our #AMD2022 Product Premiere.  Look forward to a lot more to come for @AMDRyzen @Radeon this year! https://t.co/aoZtgKX3pe,2381,188,90,Unavailable
1668773970940932096,"Lisa T. Su, Ph.D.",LisaSu,2023-06-14 00:14:53+00:00,"Such a super great day‚Ä¶. Excited to announce our expanded 4th Gen  #EPYC processors and preview our new @AMDInstinct #MI300 AI accelerators.  Huge thanks to our amazing partners @primitivetype, @AlexisBjorlin, @_NidhiC, @citsecurities, @soumithchintala, @ClementDelangue who joined us on stage!",795,83,59,149669
1616998046189125632,"Lisa T. Su, Ph.D.",LisaSu,2023-01-22 03:15:51+00:00,"Happy Lunar New Year! Wishing all of our @amd family and friends a very happy, healthy and prosperous year of the Rabbit!  Êñ∞Âπ¥Âø´Ê®Ç ! https://t.co/V94y9O3ueO",1558,164,92,588893
1672372708103925761,"Lisa T. Su, Ph.D.",LisaSu,2023-06-23 22:34:59+00:00,"Truly honored to attend the White House State dinner hosted by @POTUS  in honor of Indian Prime Minister @narendramodi and the wonderful round table discussion this morning hosted by @SecRaimondo.  Inspiring to see the friendship, optimism and enormous possibilities in tech across the U.S. and India.  Looking forward to all that we will do together in building a strong semiconductor ecosystem.",1838,141,60,184226
1639704566764564480,"Lisa T. Su, Ph.D.",LisaSu,2023-03-25 19:03:27+00:00,"Gordon Moore and ‚ÄúMoore‚Äôs Law‚Äù inspired all of us as students, engineers, and leaders in the semiconductor industry.  He was a true visionary and deeply admired.   May he rest in peace.  Our thoughts are with his family and colleagues.",1260,146,20,95830
1531241251663659008,"Lisa T. Su, Ph.D.",LisaSu,2022-05-30 11:48:58+00:00,"So proud to power @ORNL‚Äôs #Frontier supercomputer - #1 on the #top500 list and the first to break the exaflop barrier with @AMDServer and @AMDInstinct.  Historic milestone made possible by the outstanding  @ORNL, @HPE, @AMD teams!!! https://t.co/bm86WepZv9",1164,178,53,Unavailable
1575450990974599170,"Lisa T. Su, Ph.D.",LisaSu,2022-09-29 11:42:41+00:00,"Such a special time visiting our @amd India teams in Delhi, Bangalore, and Hyderabad this week! https://t.co/xoflJAqlir",861,79,46,Unavailable
1607025806928187393,"Lisa T. Su, Ph.D.",LisaSu,2022-12-25 14:49:44+00:00,"Merry Christmas to all who celebrate!  üéÑSo thankful for our @AMD family, friends, and fans‚Ä¶. Wishing everyone a very happy and restful holiday!!",1189,56,57,141523
1626446906875338753,"Lisa T. Su, Ph.D.",LisaSu,2023-02-17 05:02:15+00:00,The Boss @springsteen fantastic tonite ‚ò∫Ô∏èüëç https://t.co/WNbmW5gKim,267,12,24,33415
1488114475093868549,"Lisa T. Su, Ph.D.",LisaSu,2022-01-31 11:38:33+00:00,"Happy Lunar New Year to all our @AMD friends and families around the world.  Wishing everyone a very happy, healthy and prosperous year of the Tiger! https://t.co/mhmvrS3pzq",1845,160,67,Unavailable
1595907483901509634,"Lisa T. Su, Ph.D.",LisaSu,2022-11-24 22:29:29+00:00,"Happy Thanksgiving to all.  Thank you to all our @AMD employees, partners, and fans‚Ä¶. Wishing everyone a wonderful holiday.",764,42,27,Unavailable
1599125871603855361,"Lisa T. Su, Ph.D.",LisaSu,2022-12-03 19:38:12+00:00,Enjoyed meeting our @AMD @XilinxInc team members and partners this week in Japan.  Thanks for a great visit! https://t.co/WTE7itoF85,764,101,27,Unavailable
1509869678423773187,"Lisa T. Su, Ph.D.",LisaSu,2022-04-01 12:25:58+00:00,Wonderful week visiting our @AMD @XilinxEMEA teams and partners‚Ä¶. lots of excitement around the opportunities ahead! https://t.co/Ox14PWOZFE,696,57,31,Unavailable
1527449427509665818,"Lisa T. Su, Ph.D.",LisaSu,2022-05-20 00:41:36+00:00,Looking forward to our keynote @computex_taipei on May 23rd.  Excited to share the latest in high-performance computing from @amd and our ecosystem partners! https://t.co/Z5gnKsh35K,1896,236,66,Unavailable
1590923471789658112,"Lisa T. Su, Ph.D.",LisaSu,2022-11-11 04:24:48+00:00,So proud to launch 4th Gen @AMDServer #EPYC today together with our partners.  Genoa is truly amazing - delivering leadership in every dimension for the modern data center! https://t.co/Q8uEmvo2L2,1336,130,44,Unavailable
1649616261461028864,"Lisa T. Su, Ph.D.",LisaSu,2023-04-22 03:28:59+00:00,Great week visiting our talented @AMD teams in Shanghai and Beijing‚Ä¶.. #togetherweadvance https://t.co/6qOcg03dJc,440,34,27,64187
1557080743901163520,"Lisa T. Su, Ph.D.",LisaSu,2022-08-09 19:05:53+00:00,"Honored to be @WhiteHouse today as @POTUS signed the CHIPS and Science Act - transformational for our semiconductor research, development and manufacturing ecosystem! @AMD committed to doing our part in driving the innovation and tremendous opportunities enabled by this bill. https://t.co/cNgdna0juE",2330,189,76,Unavailable
1625597821150810114,"Lisa T. Su, Ph.D.",LisaSu,2023-02-14 20:48:17+00:00,Happy Valentine‚Äôs Day!  Today is a special day as it marks the one year anniversary of Team @XilinxInc joining the @AMD family!  It‚Äôs been a phenomenal year and the best is yet to come!  ‚ò∫Ô∏èüéâ https://t.co/OnJVOpGwej,655,55,29,123175
1635240616920743936,"Lisa T. Su, Ph.D.",LisaSu,2023-03-13 11:25:19+00:00,Congratulations to @WetaFXofficial on winning the best visual effects #Oscar !  @AMD is thrilled that EPYC processors helped bring #AvatarTheWayOfWater to life! https://t.co/odHSNE7BlF,625,76,34,71052
1643399323185721344,"Lisa T. Su, Ph.D.",LisaSu,2023-04-04 23:45:06+00:00,At the @WhiteHouse today meeting with @POTUS on the risks and opportunities of #AI with my #PCAST colleagues.  Honored to be part of such an important discussion. https://t.co/e7eJhp1b2f,1717,125,58,285554
1611062299233783808,"Lisa T. Su, Ph.D.",LisaSu,2023-01-05 18:09:18+00:00,Such an honor and so much fun @CES launching new @AMDRyzen @amdradeon @AMDInstinct @XilinxInc products and showcasing how high-performance and adaptive computing impacts our lives!  Loved having @Astro_Cady join me to talk about space exploration and #STEM‚Ä¶ so inspiring #CES2023 https://t.co/XGXKAT6jBd,1001,129,68,161350
1712602949359464715,"Lisa T. Su, Ph.D.",LisaSu,2023-10-12 22:55:36+00:00,Great to spend some time with the very talented @nod_dot_ai team!!  Excited to enter definitive agreements this week to acquire @nod_dot_ai to strengthen our open-source AI software ecosystem and accelerate deployment of @AMD AI solutions. https://t.co/0i7Ma3Uv6R,362,47,13,59250
1511145938483482628,"Lisa T. Su, Ph.D.",LisaSu,2022-04-05 00:57:22+00:00,Very excited to announce our acquisition of @pensandoio! It was great to spend time with the Pensando team this morning. So excited about what we will accomplish together.  Can‚Äôt wait to get started!! https://t.co/ww54WeeXIt,701,79,40,Unavailable
1633419344008089600,"Lisa T. Su, Ph.D.",LisaSu,2023-03-08 10:48:13+00:00,Happy #InternationalWomensDay !!  I'm constantly inspired by the incredibly talented women that we have across @AMD‚Ä¶ so proud of all that they do!#IWD2023 https://t.co/IOWazvwP9L,302,24,22,47024
1689718807571361792,"Lisa T. Su, Ph.D.",LisaSu,2023-08-10 19:22:11+00:00,"So inspiring to spend time this morning with our interns - so much energy, enthusiasm and talent!  We are thrilled to have all of you on Team @AMD and look forward to all that you will accomplish going forward! https://t.co/G9x6ZMx3e7",365,24,18,49125
1474775533573402624,"Lisa T. Su, Ph.D.",LisaSu,2021-12-25 16:14:21+00:00,"Merry Christmas to all of our @AMD employees, families, friends, partners, and fans.  Wishing everyone a very happy, healthy, and restful holiday! ‚ù§Ô∏è",2031,97,70,Unavailable
1669848494637735936,"Lisa T. Su, Ph.D.",LisaSu,2023-06-16 23:24:40+00:00,@realGeorgeHotz Thanks for connecting @realGeorgeHotz.  Appreciate the work you and tiny corp are doing.  We are committed to working with the community and improving our support.  More to come on ROCm on @radeon soon.  Lots of work ahead but excited about what we can do together.,2830,201,123,23624621
1542669565464920064,"Lisa T. Su, Ph.D.",LisaSu,2022-07-01 00:41:00+00:00,"Enjoyed three great days with the @AMD leadership team in Austin, including building PCs for @KIPP @kipptexas schools and their STEM students #TogetherWeAdvance https://t.co/ghheV45s6a",426,23,29,Unavailable
1572050662544015360,"Lisa T. Su, Ph.D.",LisaSu,2022-09-20 02:30:59+00:00,Excited to be keynoting @CES 2023 live and in-person.¬† See you in Las Vegas on January 4! #CES2023,860,116,61,Unavailable
1522703386839187456,"Lisa T. Su, Ph.D.",LisaSu,2022-05-06 22:22:32+00:00,A fantastic week celebrating great results with Team @AMD.  Had a great time meeting the @XilinxInc San Jose team‚Ä¶. So much excitement and energy! https://t.co/mOHLe8mni8,643,45,31,Unavailable
1656101420259741696,"Lisa T. Su, Ph.D.",LisaSu,2023-05-10 00:58:42+00:00,We are so fortunate to have some of the best in the industry @AMD.  Enjoyed spending time recognizing our top leaders. https://t.co/be9FKqL30G,332,32,13,50155
1682049259804459010,"Lisa T. Su, Ph.D.",LisaSu,2023-07-20 15:26:09+00:00,"Had a fantastic few days‚Ä¶ hosting our @AMD Innovation Day with our ecosystem partners, meeting with numerous customers and partners, and catching up with great colleagues and  friends! ‚ò∫Ô∏è https://t.co/qiaypZSSvX",596,41,19,124733
1706707561809105331,"Lisa T. Su, Ph.D.",LisaSu,2023-09-26 16:29:26+00:00,Love working with @LaminiAI and @realSharonZhou making LLMs easy and accessible for all on @AMD @AMDInstinct  GPUs!  So cool what can be done with @LaminiAI LLM Superstations!!,275,49,16,128591
1528719404967632899,"Lisa T. Su, Ph.D.",LisaSu,2022-05-23 12:48:03+00:00,"I hope you enjoyed our @computex_taipei 2022 keynote and seeing ‚ÄúZen 4‚Äù and @AMDRyzen 7000 Series in action -- plus all the new commercial, consumer, and gaming laptops! https://t.co/eNXUpYVaoH https://t.co/bvTI5H504o",1570,177,65,Unavailable
1638648930920456198,"Lisa T. Su, Ph.D.",LisaSu,2023-03-22 21:08:44+00:00,"It was great joining @Adobe CEO Shantanu Narayen today at #AdobeSummit.  Love talking about leadership, semiconductors, high-performance computing and AI. https://t.co/qCTSC1st2s",297,46,14,55423
1611064422155575297,"Lisa T. Su, Ph.D.",LisaSu,2023-01-05 18:17:45+00:00,Big thank you to our amazing partners @panos_panay @EnriqueJLores @MattZielinski @PeggyJ and Bob DeSantis who joined us on stage @CES to talk about how #TogetherWeAdvance the industry with high-performance and adaptive computing #CES2023 https://t.co/L8W3s9QNLN,396,48,22,62857
1463960387418787841,"Lisa T. Su, Ph.D.",LisaSu,2021-11-25 19:58:50+00:00,"#HappyThanksgiving2021 to all of our amazing @AMD employees, friends, customers, and partners.  I‚Äôm thankful for all we accomplish together every day‚Ä¶ wishing everyone a wonderful thanksgiving with friends and family.",884,47,37,Unavailable
1525544532171018240,"Lisa T. Su, Ph.D.",LisaSu,2022-05-14 18:32:14+00:00,"A wonderful day @MIT celebrating @mit_nano.  Honored to be part of such an amazing place where the future of nano will be discovered and the next leaders will be trained.  Thanks to President Reif, Prof. Buloviƒá and the @mit community for the wonderful welcome! https://t.co/PNe270oA2G",1134,124,45,Unavailable
1682049286446645249,"Lisa T. Su, Ph.D.",LisaSu,2023-07-20 15:26:15+00:00,And incredibly honored and humbled to receive an honorary doctorate from @NYCU_official National Yang Ming Chiao Tung University and meet some amazing students and faculty.  Such a wonderful trip - thank you Taiwan!! üëç‚ù§Ô∏è https://t.co/4FdYahRjWD,239,25,14,65753
1712994848188268608,"Lisa T. Su, Ph.D.",LisaSu,2023-10-14 00:52:52+00:00,Loved attending @GlobalSemi‚Äôs annual Women in Semiconductor Hardware  Conference and meeting so many talented women.  Thank you Jodi Shelton and the WLI board for all that you do and big congrats to @Azure‚Äôs Rani Borkar for being recognized for her inspiring leadership and innovation.,162,16,1,18440
1593077476590489600,"Lisa T. Su, Ph.D.",LisaSu,2022-11-17 03:04:03+00:00,So proud and excited to be a part of the #Artemis team with our @XilinxInc FPGAs on board @NASA_SLS and @NASA_Orion.  Congratulations @NASA !!,706,85,23,Unavailable
1529817276433608706,"Lisa T. Su, Ph.D.",LisaSu,2022-05-26 13:30:35+00:00,Thanks @kevin_scott for the partnership on @AMDInstinct.  We are excited to be working with @Azure on large-scale AI training workloads! https://t.co/BfHKO6Crpe https://t.co/HOot66DiET,308,37,11,Unavailable
1590733123989704704,"Lisa T. Su, Ph.D.",LisaSu,2022-11-10 15:48:25+00:00,@HipHopGamer @AMDGaming Great meeting you #hiphopgamer - thanks for coming to our event - can‚Äôt wait for you to try out @amdradeon rx7900 series soon üëç,47,3,3,Unavailable
1661114632214564864,"Lisa T. Su, Ph.D.",LisaSu,2023-05-23 20:59:24+00:00,Celebrating the 1-year anniversary of @ORNL #Frontier supercomputer breaking the exascale barrier now running at 1.2 exaflops!  @AMDServer and @AMDInstinct now power 121 systems of the world‚Äôs fastest and 7 of the top 10 most energy efficient supercomputers in the world! https://t.co/doCOjoLZ45,420,62,15,54790
1610742862970523649,"Lisa T. Su, Ph.D.",LisaSu,2023-01-04 20:59:59+00:00,Ready for tonite! So excited to be giving the opening keynote @CES this evening‚Ä¶. We have a packed show with some amazing guests‚Ä¶.. join us at 6:30pm PT‚Ä¶.. https://t.co/I698s8e2cx #TogetherWeAdvance #CES2023 https://t.co/RNW3xefx37,509,60,33,125164
1532707036189937664,"Lisa T. Su, Ph.D.",LisaSu,2022-06-03 12:53:28+00:00,@prem_jain2 @SoniJiandani @svbizjournal @AMDPensando Congratulations @SoniJiandani.  So proud of you and thrilled to have you on the @AMD @AMDPensando team!!,88,8,4,Unavailable
1560331272806973443,"Lisa T. Su, Ph.D.",LisaSu,2022-08-18 18:22:19+00:00,"Thrilled to be @ORNL with @ORNLdirector, @ENERGY @turkdm and @AntonioNeri_HPE to celebrate the dedication of Frontier, the world‚Äôs first exascale supercomputer. So proud of the @AMD @AMDInstinct teams who worked tirelessly with @ORNL and @HPE teams to reach this milestone! https://t.co/7UkGW4Sikw",319,42,16,Unavailable
1501312642333372416,"Lisa T. Su, Ph.D.",LisaSu,2022-03-08 21:43:21+00:00,"Happy International Women‚Äôs Day!!  So pleased to spend time with these @AMD leaders and our global team this morning to celebrate #IWD2022 and discuss how we #BreakTheBias, embrace differences and diversity in our teams, and raise visibility for women in STEM! https://t.co/MmRJdqsYtF",480,50,26,Unavailable
1631007010132054041,"Lisa T. Su, Ph.D.",LisaSu,2023-03-01 19:02:28+00:00,@PatrickMoorhead @AMD @XilinxInc @AMDPensando @AMDServer Thanks Pat!,33,1,0,4294
1590815836373409793,"Lisa T. Su, Ph.D.",LisaSu,2022-11-10 21:17:05+00:00,@matteastwood @AMD @AMDServer Thanks for joining us!,41,0,4,Unavailable
1601098938223718406,"Lisa T. Su, Ph.D.",LisaSu,2022-12-09 06:18:28+00:00,Great evening tonite @GlobalSemi GSA Awards.  Honored and so proud to accept the Most Respected Public Company Award on behalf of @AMD and huge congratulations to our very own Caixia Jiang for receiving the GSA‚Äôs Rising Women of Influence Award üëè! https://t.co/I4XqnB9LNk,332,26,22,Unavailable
1529991949251498000,"Lisa T. Su, Ph.D.",LisaSu,2022-05-27 01:04:41+00:00,An absolutely wonderful day welcoming the @AMDPensando team to the @AMD family!!! Super excited for the amazing things we will accomplish together! https://t.co/M0vbhHyWJf,371,36,11,Unavailable
1571132270202990592,"Lisa T. Su, Ph.D.",LisaSu,2022-09-17 13:41:38+00:00,@panos_panay Great to spend time together @panos_panay - so much to look forward to!,107,6,5,Unavailable
1694721752289673489,"Lisa T. Su, Ph.D.",LisaSu,2023-08-24 14:42:06+00:00,Congrats @ClementDelangue!  Excited to broaden our collaboration with @huggingface to build the largest AI community!,246,29,18,74907
1681501426055532544,"Lisa T. Su, Ph.D.",LisaSu,2023-07-19 03:09:15+00:00,@NTHU_TAIWAN Thank you and honored to be part of the @NTHU_TAIWAN family!,19,2,2,3958
1671577108307402755,"Lisa T. Su, Ph.D.",LisaSu,2023-06-21 17:53:33+00:00,Had a blast at our annual fellows forum this week recognizing the amazing superheroes who drive our product and technology roadmaps!  Congrats to all of the new @AMD fellows and senior fellows!  üéâ Loved spending time with our best and brightest as they chart our future big bets! https://t.co/K2vvWp5TjB,283,31,15,46387
1689440242971836417,"Lisa T. Su, Ph.D.",LisaSu,2023-08-10 00:55:16+00:00,Great spending time with @JoyceAMullen and the @InsightEnt team talking about the future of computing and the power of AI! https://t.co/WQIZbI2Bj6,235,18,13,42195
1578004910335041542,"Lisa T. Su, Ph.D.",LisaSu,2022-10-06 12:51:03+00:00,@tommiuitto @nokia @AMD Great meeting you @tommiuitto!,36,1,2,Unavailable
1662130259762790400,"Lisa T. Su, Ph.D.",LisaSu,2023-05-26 16:15:09+00:00,Can‚Äôt believe it has been one year since Team @AMDNetworking #Pensando joined the @AMD family - it‚Äôs been fabulous as we bring our best-in-class  DPUs and software stack to next-generation data centers üéâ https://t.co/06Z44YzFI9,386,40,30,47709
1513193806396596228,"Lisa T. Su, Ph.D.",LisaSu,2022-04-10 16:34:51+00:00,"@mit_nano @AMD A true honor and privilege to be part of @mit_nano‚Äôs mission training and educating the future leaders in semiconductors and nanotech.  Excited for all the future discoveries coming from @mit‚Äôs great students, faculty and researchers!",83,2,3,Unavailable
1641259188620869633,"Lisa T. Su, Ph.D.",LisaSu,2023-03-30 02:00:58+00:00,"Great to join @EnriqueJLores at #HPAmplify to share all the work our teams are doing together across AI, hybrid work, and deep co-engineering to enable next-generation experiences starting with the new #DragonflyPro! https://t.co/DGGxvk7iHE",162,27,18,47317
1491774565021667336,"Lisa T. Su, Ph.D.",LisaSu,2022-02-10 14:02:26+00:00,Excited to soon welcome the @XilinxInc team to the @amd family next week!!!  The best is yet to come‚Ä¶.. üòÅ,1332,160,56,Unavailable
1668801042832842754,"Lisa T. Su, Ph.D.",LisaSu,2023-06-14 02:02:28+00:00,@ClementDelangue @AndrewKemendo @AMDInstinct @primitivetype @AlexisBjorlin @_NidhiC @citsecurities @soumithchintala You looked fantastic!  Thx for the partnership ‚ò∫Ô∏è,8,1,0,744
1643407557665386497,"Lisa T. Su, Ph.D.",LisaSu,2023-04-05 00:17:49+00:00,@ChuckRobbins @Cisco @FortuneMagazine @GPTW_US Congratulations Chuck to you and the entire @Cisco team!,11,3,2,3146
1582710439238324230,"Lisa T. Su, Ph.D.",LisaSu,2022-10-19 12:29:08+00:00,Proud of our deep partnership with @lenovo to deliver innovation across a wide range of devices and infrastructure solutions.  Thanks @YuanqingYang for the collaboration and congrats on an exciting #LenovoTechWorld.,246,35,23,Unavailable
1496179555815641091,"Lisa T. Su, Ph.D.",LisaSu,2022-02-22 17:46:18+00:00,"In celebration of #NationalEngineersWeek, proud to support the @globalsemi Women‚Äôs Leadership Initiative and their efforts to spread the word about semis in leading universities.  Together we can build a better future!",335,47,15,Unavailable
1468557623658094593,"Lisa T. Su, Ph.D.",LisaSu,2021-12-08 12:26:36+00:00,Thanks to @witi for the amazing work they do on behalf of women in tech.  Honored to be recognized with these great leaders,375,43,18,Unavailable
1463152075307692036,"Lisa T. Su, Ph.D.",LisaSu,2021-11-23 14:26:53+00:00,Proud to see Azure announce DCasv5/ECasv5 confidential VMs powered by 3rd Gen @AMDServer #EPYC with Secure Encrypted Virtualization-Secure Nested Paging (SEV-SNP) to further protect data #ConfidentialComputing. https://t.co/Xs07RdO74v,331,51,18,Unavailable
1557127499967971328,"Lisa T. Su, Ph.D.",LisaSu,2022-08-09 22:11:40+00:00,Proud to serve on @POTUS‚Äôs Council of Advisors on Science and Technology #PCAST as we make recommendations for the CHIPS and Science Act focus on R&D.  Once in a generation opportunity to come together and drive long-term innovation for the country! https://t.co/VEtmBj1ClE,396,35,20,Unavailable
1469374671334391815,"Lisa T. Su, Ph.D.",LisaSu,2021-12-10 18:33:15+00:00,We are deeply honored to receive the @globalsemi #2021GSAawards Most Respected Public Semiconductor Company Award (>$5 billion) for the very first time!  Thanks to the GSA for doing so much for the semi industry and congrats to all the award winners!  https://t.co/ObCC1tQpzD,306,46,22,Unavailable
1354440210965262341,Kenneth I. Chenault,ChenaultKen,2021-01-27 14:44:45+00:00,Thrilled that @LISCMaurice will lead OneTen as CEO in pursuit of our mission to hire and promote one million Black Americans over the next 10 years into family-sustaining jobs with opportunities for advancement:  https://t.co/uwGbScRUis https://t.co/Hsws4M4rWM,26,6,0,Unavailable
1337066422854365189,Kenneth I. Chenault,ChenaultKen,2020-12-10 16:07:31+00:00,".@OneTen unites leaders and businesses across America‚Äôs most dynamic industries to deliver measurable and lasting progress toward a more equitable society.

Our mission: to upskill, hire and advance one million Black
Americans over the next ten years into family-sustaining jobs. https://t.co/9ofDbORu1w",22,2,2,Unavailable
1267429655214202880,Kenneth I. Chenault,ChenaultKen,2020-06-01 12:15:52+00:00,General Catalyst does not tolerate racism. It is our responsibility as individuals and as a firm to rededicate ourselves to creating a world that will not tolerate or accept injustice against any member of our society. https://t.co/Yisbwndrmc,23,3,2,Unavailable
1382397115851284483,Kenneth I. Chenault,ChenaultKen,2021-04-14 18:15:30+00:00,"For American Democracy to work for any of us, we must ensure the right to vote for all of us. #WeStandForDemocracy
https://t.co/2qhrLAUZt6",28,13,7,Unavailable
1498788988856975364,Kenneth I. Chenault,ChenaultKen,2022-03-01 22:35:15+00:00,#StandWithUkraineÔ∏è,10,2,0,Unavailable
1436755403728199684,Kenneth I. Chenault,ChenaultKen,2021-09-11 18:15:56+00:00,"Today, I join @Sept11Memorial to remember September 11, 2001 with a picture of the sky we all share. Learn more at https://t.co/PyJZt9GU9e. #NeverForget911 https://t.co/akDfEYAAVx",5,2,2,Unavailable
1458470416947765253,Kenneth I. Chenault,ChenaultKen,2021-11-10 16:23:39+00:00,"I enjoyed sitting down with @andrewrsorkin and Ken Frazier for the annual @DealBook Summit to discuss leadership, equity, voting rights, and @GeneralCatalyst's commitment to #responsibleinnovation. https://t.co/GeO3BvlFqK",19,6,40,Unavailable
1377294355166281738,Kenneth I. Chenault,ChenaultKen,2021-03-31 16:18:57+00:00,"We are calling on Corporate America to join us in taking a non-partisan stand for equality and democracy.
https://t.co/F5YE7o1Mpx @andrewrsorkin",49,13,10,Unavailable
1377294990834028550,Kenneth I. Chenault,ChenaultKen,2021-03-31 16:21:29+00:00,"Thank you, Ed Bastian @Delta , for your leadership. https://t.co/riW7Jipbm2",19,3,6,Unavailable
1532746670613610497,Kenneth I. Chenault,ChenaultKen,2022-06-03 15:30:57+00:00,"Thanks for hosting me and for the great discussion, @rsafian and @mastersofscale.",14,3,1,Unavailable
1392313826306138112,Kenneth I. Chenault,ChenaultKen,2021-05-12 03:00:58+00:00,"In @barronsonline, @htaneja and I invite fellow investors, founders, and leaders to work with us to develop responsible innovation standards of leadership, and to rewrite the playbook for building and leading enduring companies: https://t.co/udXiICou4P",8,3,2,Unavailable
1377292776711335945,Kenneth I. Chenault,ChenaultKen,2021-03-31 16:12:41+00:00,https://t.co/L5uaH02Q80 @jimcramer,13,2,1,Unavailable
1417876131902984192,Kenneth I. Chenault,ChenaultKen,2021-07-21 15:56:27+00:00,"Pleased to share that my friend, Ken Frazier, will join @gcvp as Chairman, Health Assurance Initiatives. Ken is a values-based, purpose-driven leader, and I am excited and proud that he has decided to join @gcvp. https://t.co/yGwH0BDHsu",2,0,0,Unavailable
