Tweet ID,Name,Username,Date,Text,Likes,Retweets,Comments,Views
9.14835E+17,Lebron James,KingJames,2017-10-02 12:50:06+00:00,Pray for Vegas!! ü§¶üèæ‚Äç‚ôÇÔ∏è. What the hell is going on people!?!? My prayers sent to the heavens above for all the families üôèüèæ https://t.co/wDpwZ7g4Pz,115310,39855,862,Unavailable
9.1524E+17,Lebron James,KingJames,2017-10-03 15:41:45+00:00,Straight up!! #TheLand Great win last night too @tkelce üôèüèæ https://t.co/9zfztQlGJd,15926,2241,119,Unavailable
9.16376E+17,Lebron James,KingJames,2017-10-06 18:53:48+00:00,#TheLand üèéüöóüöôüëÄ https://t.co/BAJgTspgKP,2665,380,50,Unavailable
9.16377E+17,Lebron James,KingJames,2017-10-06 18:56:18+00:00,S/O my guy @berniemorenocompanies for thinking of my foundation &amp; bringing what will be an incredible car show to #TheLand tomorrow. #SFGüöÄ https://t.co/BAJgTspgKP,1784,262,40,Unavailable
9.16498E+17,Lebron James,KingJames,2017-10-07 02:56:53+00:00,WINdians!!! #TheLand @Indians,36195,6059,756,Unavailable
9.17223E+17,Lebron James,KingJames,2017-10-09 02:57:58+00:00,Regroup and get ready for game 4. Still #Windians. @Indians,22725,3514,511,Unavailable
9.17224E+17,Lebron James,KingJames,2017-10-09 03:05:24+00:00,Oh YES WE WAS!!! Can u blame us!?!? ü§∑üèæ‚Äç‚ôÇÔ∏è https://t.co/KWpYGGM2mE,56011,14998,400,Unavailable
9.17783E+17,Lebron James,KingJames,2017-10-10 16:05:30+00:00,Easy 2 judge some 1 over wrong doings but u never know what they're going thru! Addiction is a REAL ISSUE! Love the direction u headed JG üôèüèæ https://t.co/bG9adjOqhL,26570,7002,311,Unavailable
9.17962E+17,Lebron James,KingJames,2017-10-11 03:54:29+00:00,"Racism is the only thing he's Fantastic 4(fantastic for), cause that's how he gets his rock off, he's orange. Sheesh @Eminem!! üî•üî•‚úäüèæüî•üî•#United https://t.co/wcL28BCWpy",212772,75490,3238,Unavailable
9.18561E+17,Lebron James,KingJames,2017-10-12 19:36:50+00:00,Don't miss out!! https://t.co/XJGqBNTU28,2655,456,119,Unavailable
9.18889E+17,Lebron James,KingJames,2017-10-13 17:20:10+00:00,Who would like to see The LeBron's make a comeback?!?! My favorite of all time #Biz #Athlete #Wise #Kid #StriveForGreatnessüöÄ https://t.co/ZY56oWcW0p,50682,15772,765,Unavailable
9.1889E+17,Lebron James,KingJames,2017-10-13 17:24:12+00:00,Love #FridayThe13th!! Halloween is coming and I can't wait! üëªüéÉüôÄ https://t.co/mTmyzUyNtO,32791,6605,269,Unavailable
9.18915E+17,Lebron James,KingJames,2017-10-13 19:04:09+00:00,üôèüèæüôèüèæüôèüèæ https://t.co/e6qjY2tmG4,6394,1063,138,Unavailable
9.19711E+17,Lebron James,KingJames,2017-10-15 23:47:31+00:00,Love it!! üôèüèæüí™üèæ https://t.co/hvLvl0f690,42691,7373,195,Unavailable
9.19722E+17,Lebron James,KingJames,2017-10-16 00:28:45+00:00,Thank you Mike!! Unbelievable job on such a fantastic show with the greatest cast on and off the camera üé•!!!! https://t.co/jrgpADqkdp,8604,1356,131,Unavailable
9.19977E+17,Lebron James,KingJames,2017-10-16 17:21:43+00:00,#SavageModeüò§ #StriveForGreatnessüöÄ https://t.co/U6avkwMzBC,20923,6351,193,Unavailable
9.20022E+17,Lebron James,KingJames,2017-10-16 20:21:39+00:00,Awesome time with my guys talking release of my new sig shoe(LJ 15) as well as other topics! @Channing_Frye @kevinlove @FSOAllieOop &amp; RJ https://t.co/IEU9rraa72,6048,915,92,Unavailable
9.2011E+17,Lebron James,KingJames,2017-10-17 02:10:11+00:00,Hopefully I can be Ready to get it going tomorrow night. So excited to have one of the greatest guys on and off the court with us. #TheLand https://t.co/BkBG9bv34I,25550,6715,346,Unavailable
9.20115E+17,Lebron James,KingJames,2017-10-17 02:30:25+00:00,Well.... if you insist üòÅüòú https://t.co/5qsID94OSC,118968,18126,1085,Unavailable
9.2027E+17,Lebron James,KingJames,2017-10-17 12:45:45+00:00,üôèüèæüôèüèæüëëüëë https://t.co/NgcFEritn2,29031,5503,301,Unavailable
9.20654E+17,Lebron James,KingJames,2017-10-18 14:13:51+00:00,S/O my homies @TeamVic &amp; @RonnieFieg for coming to The Land last night for the opener! My G's #RWTW #KithWay #StriveForGreatnessüöÄ,5036,567,80,Unavailable
9.2068E+17,Lebron James,KingJames,2017-10-18 15:57:42+00:00,S/O the homies @joehaden23 @L_Bell26 &amp; @AB84 for stopping thru The Land last night for the  opener! üôèüèæüôèüèæ,20136,3238,137,Unavailable
9.20686E+17,Lebron James,KingJames,2017-10-18 16:18:40+00:00,U already know my G!! @Isaiah_Thomas https://t.co/nlHqd0c2Dk,10907,1680,76,Unavailable
9.20991E+17,Lebron James,KingJames,2017-10-19 12:34:17+00:00,My beautiful princess from last night! Kaleia you're amazing and I love ‚ù§Ô∏è you! https://t.co/j2lbvRtX73,77553,13551,570,Unavailable
9.2108E+17,Lebron James,KingJames,2017-10-19 18:27:15+00:00,Unbelievable tech. S/o to all the incredible men &amp; women @intel. STEM edu more important now than it‚Äôs ever been!! #striveforgreatnessüöÄ https://t.co/cnZ4EXB0tU,6983,1447,144,Unavailable
9.21767E+17,Lebron James,KingJames,2017-10-21 15:57:24+00:00,And we have more to come!! Look out #TheLandKickGame üî•üî•üî•üî•üî• https://t.co/YuhrnEdy7w,13537,1809,152,Unavailable
9.21835E+17,Lebron James,KingJames,2017-10-21 20:25:09+00:00,@BlazePizza I love you guys!! Just FYI. üçï üçï üçï,229,109,13,Unavailable
9.21836E+17,Lebron James,KingJames,2017-10-21 20:30:57+00:00,Can 8pm hurry up and get here! I'm so ready to hoop again! #StriveForGreatnessüöÄ #SavageSeasonüëø #Welcome2season15,37258,6651,679,Unavailable
9.21845E+17,Lebron James,KingJames,2017-10-21 21:07:31+00:00,Man shut up!! Hahaha! That food at the brunch better be good tomorrow or I ain't coming. ü§£ü§£ü§£ü§∑üèæ‚Äç‚ôÇÔ∏è https://t.co/0zkSFWjA4v,4607,525,97,Unavailable
9.22533E+17,Lebron James,KingJames,2017-10-23 18:37:51+00:00,üíØüí™üèæüëåüèæ‚òùüèæ #StriveForGreatnessüöÄ https://t.co/DquA0Q18Ih,2518,321,76,Unavailable
9.2254E+17,Lebron James,KingJames,2017-10-23 19:05:48+00:00,üî•üî•üî•üî•üî•üî•üî•üî•üî• https://t.co/iz6NWzfuLh,28096,5222,229,Unavailable
9.232E+17,Lebron James,KingJames,2017-10-25 14:49:05+00:00,Love that kid man!! Need to get you to a game this year too and continue our handshake @DemarjaySmith ü§ùüëåüèæüëèüèæüôèüèæüöÄ https://t.co/enzQO0cHU1,9047,1812,100,Unavailable
9.23228E+17,Lebron James,KingJames,2017-10-25 16:40:48+00:00,ü§£ü§£üòÇüòÇü§£ü§£üòÇüòÇ https://t.co/ElNvDx6V0X,15615,2716,102,Unavailable
9.23313E+17,Lebron James,KingJames,2017-10-25 22:20:08+00:00,"Swag on 1,000!!! üöÄ https://t.co/d6PJiyqGTu",10668,1421,103,Unavailable
9.23604E+17,Lebron James,KingJames,2017-10-26 17:33:59+00:00,"They ain‚Äôt ready for us @jkcorden‚Ä¶ they think they ready, but there‚Äôs no way. 10/31 üé§ üíºüî•üî•üî•üíØüí™üèæ#striveforgreatnessüöÄ https://t.co/RUSKr4UZgu",9344,1360,145,Unavailable
9.23659E+17,Lebron James,KingJames,2017-10-26 21:14:37+00:00,Keep your eyes üëÄ open and ready! üëë watch!! https://t.co/4rP49IxPUE,4703,647,112,Unavailable
9.23921E+17,Lebron James,KingJames,2017-10-27 14:35:42+00:00,Happy Gday young üëëKing @ZO2_! Live it up on your day! #LiveLaughLove #StriveForGreatnessüöÄ,60901,19973,737,Unavailable
9.24618E+17,Lebron James,KingJames,2017-10-29 12:45:06+00:00,Waking up this morning screaming üó£#OH #IO!!!! @OhioStateFB Big Time W #StriveForGreatnessüöÄ,30535,5270,391,Unavailable
9.2501E+17,Lebron James,KingJames,2017-10-30 14:42:12+00:00,Love the team!! Let's continue to break the mode. #RollingWithChampion  @uninterrupted https://t.co/GmbJMkk8YH,9808,2093,387,Unavailable
9.17036E+17,Rafael Nadal,RafaelNadal,2017-10-08 14:35:07+00:00,"Gracias a todos y en particular a mi equipo esta semana aqu√≠ en Beijing! Vamoss

Thanks to everyone and to my team for this week in Beijing! https://t.co/IDhHFeqeqC",28165,4740,985,Unavailable
9.17689E+17,Rafael Nadal,RafaelNadal,2017-10-10 09:52:24+00:00,On my way to practice. Court 5 #shanghai #tennis #practice pics on my IG account later :-),4790,367,140,Unavailable
9.18681E+17,Rafael Nadal,RafaelNadal,2017-10-13 03:32:06+00:00,Outdoor play today here in Shanghai.  Vamos! https://t.co/ZAdxTAT9aq,8866,826,306,Unavailable
9.19528E+17,Rafael Nadal,RafaelNadal,2017-10-15 11:39:46+00:00,"Gran gira en China, con t√≠tulo en Beijing y final aqu√≠ en Shanghai! Esto no ha acabado, seguimos!",20696,2781,684,Unavailable
9.19529E+17,Rafael Nadal,RafaelNadal,2017-10-15 11:42:41+00:00,"Great tour in China, with the title in Beijing and the final in Shanghai! This isn't over, let's keep going!",18938,2308,681,Unavailable
9.20002E+17,Rafael Nadal,RafaelNadal,2017-10-16 19:02:24+00:00,"Lamentando lo ocurrido en Galicia, Asturias y Portugal... Horror e impotencia...Todo mi apoyo a los familiares de los fallecidos.",17935,3482,259,Unavailable
9.20318E+17,Rafael Nadal,RafaelNadal,2017-10-17 15:57:36+00:00,Tristemente tengo que deciros que no participar√© en el torneo de Basilea tras ver... https://t.co/hXuflDRZLJ,3940,629,500,Unavailable
9.20318E+17,Rafael Nadal,RafaelNadal,2017-10-17 15:58:50+00:00,"I sadly announce that I have to pull out of the Swiss Indoors Basel, after... https://t.co/hXuflDRZLJ",3049,558,424,Unavailable
9.20619E+17,Rafael Nadal,RafaelNadal,2017-10-18 11:54:58+00:00,Espectacular el nuevo Kia Stinger que me han entregado en la #RafaNadalAcademy! Gracias @RICARDODEDIEGO https://t.co/xmuvmgaf9J,5196,598,176,Unavailable
9.20928E+17,Rafael Nadal,RafaelNadal,2017-10-19 08:22:20+00:00,Esta ma√±ana desde @rnadalacademy publicaremos un par de videos especiales para todos vosotros... Estad atentos üòâ Os encantar√°n...,2158,213,52,Unavailable
9.20929E+17,Rafael Nadal,RafaelNadal,2017-10-19 08:27:20+00:00,"This morning we'll be posting some special videos for all of you on @rnadalacademy... stay tuned, you'll love them!",3365,299,156,Unavailable
9.2275E+17,Rafael Nadal,RafaelNadal,2017-10-24 09:02:06+00:00,¬øSabes cu√°ntas horas juego al tenis al a√±o? #RNMovistar https://t.co/twYsGAU9nk,8429,1610,348,Unavailable
9.18526E+17,Richard Branson,richardbranson,2017-10-12 17:15:26+00:00,Looking forward to launching #FindingMyVirginity live in London tonight ‚Äì watch live at https://t.co/N2tT96yUq7 https://t.co/GvXyOLyUYP,84,26,11,Unavailable
9.18546E+17,Richard Branson,richardbranson,2017-10-12 18:35:15+00:00,"Great fun being back on @BBCTheOneShow, now time for the launch of #FindingMyVirginity ‚Äì hope to see you there! https://t.co/i4iMyEpOdR",173,29,22,Unavailable
9.18548E+17,Richard Branson,richardbranson,2017-10-12 18:45:20+00:00,On my way to answer your questions about #FindingMyVirginity at the launch event ‚Äì watch it live at https://t.co/N2tT96yUq7 https://t.co/BE1CZ0H4np,163,39,29,Unavailable
9.1856E+17,Richard Branson,richardbranson,2017-10-12 19:30:38+00:00,Get your questions on #FindingMyVirginity in now ‚Äì I‚Äôll be answering live here: https://t.co/N2tT96yUq7 https://t.co/8v0uCs9FZ4,96,17,24,Unavailable
9.18615E+17,Richard Branson,richardbranson,2017-10-12 23:11:22+00:00,Making the tough decision to cancel @Virgin_Sport‚Äôs San Francisco Festival of Fitness: https://t.co/srw53NlY3G https://t.co/36cXin0YEH,92,17,20,Unavailable
9.18628E+17,Richard Branson,richardbranson,2017-10-13 00:00:51+00:00,Thoughts with those affected by the Northern California wildfires: https://t.co/srw53NlY3G https://t.co/GBG2s0BDfq,193,33,9,Unavailable
9.18639E+17,Richard Branson,richardbranson,2017-10-13 00:45:10+00:00,Cancelling @Virgin_Sport‚Äôs San Francisco Festival of Fitness to focus on health &amp; safety in the wake of wildfires: https://t.co/srw53NlY3G https://t.co/TBOm3z9a7T,127,35,4,Unavailable
9.18765E+17,Richard Branson,richardbranson,2017-10-13 09:05:11+00:00,Love this #FutureVisions long read - the quite amazing predictions of @traceyfutures https://t.co/p0L6eYQkpG https://t.co/ovlstLzwr4,88,33,3,Unavailable
9.18803E+17,Richard Branson,richardbranson,2017-10-13 11:37:14+00:00,We had a great night launching #FindingMyVirginity surrounded by family https://t.co/bTuGqsjpGg https://t.co/M8bXvlGprG,143,32,10,Unavailable
9.1881E+17,Richard Branson,richardbranson,2017-10-13 12:05:14+00:00,Last night I shared how I‚Äôve been #FindingMyVirginity over the past five decades https://t.co/bTuGqsjpGg https://t.co/09QpfZ3vsV,97,26,8,Unavailable
9.18821E+17,Richard Branson,richardbranson,2017-10-13 12:50:13+00:00,Why I hope #FindingMyVirginity will inspire people to look on the bright side of life https://t.co/bTuGqsjpGg https://t.co/fJ4ZkDssfh,172,32,16,Unavailable
9.18831E+17,Richard Branson,richardbranson,2017-10-13 13:30:25+00:00,Great to launch #FindingMyVirginity ‚Äì I even had a four-legged fan waving at me from the crowd https://t.co/bTuGqsjpGg https://t.co/pzIBgR4Go4,88,14,9,Unavailable
9.18839E+17,Richard Branson,richardbranson,2017-10-13 14:01:28+00:00,Investing in Hyperloop ‚Äì introducing @Virgin @HyperloopOne https://t.co/aDUQO5WC4R https://t.co/XL0IqiFTDM,352,67,27,Unavailable
9.18845E+17,Richard Branson,richardbranson,2017-10-13 14:25:12+00:00,"Projected @Virgin @HyperloopOne journey times: Edinburgh-London in 50 mins, Glasgow-Liverpool in 47 mins https://t.co/aac70ry2oF https://t.co/RO3bRxu3pM",826,267,73,Unavailable
9.18852E+17,Richard Branson,richardbranson,2017-10-13 14:53:05+00:00,"@DaveSMT Thanks Dave, I‚Äôll send you a copy of the new book and I hope it gives you inspiration to try new things every day.",5,1,3,Unavailable
9.18854E+17,Richard Branson,richardbranson,2017-10-13 15:01:21+00:00,This summer showed us #resilience is a must. This #IDDR2017 I‚Äôll be talking about it @WorldBank: https://t.co/ImAS33bIP0 #ResilienceDialogue https://t.co/q1e9X6vdEZ,151,57,7,Unavailable
9.1887E+17,Richard Branson,richardbranson,2017-10-13 16:05:24+00:00,Our next move in innovative transport ‚Äì introducing @Virgin @HyperloopOne https://t.co/aac70ry2oF https://t.co/KGfyNeGGil,735,226,38,Unavailable
9.18884E+17,Richard Branson,richardbranson,2017-10-13 17:01:17+00:00,Why did I name my new autobiography #FindingMyVirginity? https://t.co/UMc4qDzttj,148,25,46,Unavailable
9.18916E+17,Richard Branson,richardbranson,2017-10-13 19:05:20+00:00,How the launch of #FindingMyVirginity was interrupted by an entrepreneur with a paper plane https://t.co/bTuGqsjpGg https://t.co/WwilVGzQvC,139,27,14,Unavailable
9.18946E+17,Richard Branson,richardbranson,2017-10-13 21:05:13+00:00,"Visiting the exciting technology behind @virgin @HyperloopOne, our latest business, first-hand https://t.co/aac70ry2oF https://t.co/Uz5TsYofB7",456,88,43,Unavailable
9.19126E+17,Richard Branson,richardbranson,2017-10-14 09:00:29+00:00,Exciting news that @VirginAustralia is to trial sustainable aviation fuel https://t.co/vxQn9GKYjK #VirginFamily https://t.co/3mCZ6OTXQx,343,68,19,Unavailable
9.19156E+17,Richard Branson,richardbranson,2017-10-14 11:00:58+00:00,Inspiring how a young entrepreneur got around the rules to launch a business in his teens: https://t.co/Rc50QdnI9o #ReadByRichard https://t.co/myy7CQqGp6,288,66,12,Unavailable
9.19186E+17,Richard Branson,richardbranson,2017-10-14 13:01:05+00:00,"Scotland has the worst drug death figures in the EU, but there is hope: https://t.co/kyONVzOhYz #warondrugs #ReadByRichard",121,40,25,Unavailable
9.19217E+17,Richard Branson,richardbranson,2017-10-14 15:01:27+00:00,Will eliminating the word 'busy' from your vocabulary make your work life happier? https://t.co/0vDJldRf0t #ReadByRichard https://t.co/rFdGbfPsxj,194,72,27,Unavailable
9.19247E+17,Richard Branson,richardbranson,2017-10-14 17:01:23+00:00,Is your child set to be an entrepreneur when they grow up? https://t.co/p9n1ZdSQDG #ReadByRichard,297,95,31,Unavailable
9.19278E+17,Richard Branson,richardbranson,2017-10-14 19:05:03+00:00,The battle that could have sunk @Virgin but ended in a ¬£500 million windfall - my Weekend Essay https://t.co/6fyAMT0u8l #FindingMyVirginity,238,57,20,Unavailable
9.19279E+17,Richard Branson,richardbranson,2017-10-14 19:09:11+00:00,@MKelter @audible_com Hope you're enjoying the run Maurice (and #FindingMyVirginity!),6,1,1,Unavailable
9.19279E+17,Richard Branson,richardbranson,2017-10-14 19:09:57+00:00,@NutritiousMind @TroxyLondon Thanks for joining us Izabella,2,1,1,Unavailable
9.19279E+17,Richard Branson,richardbranson,2017-10-14 19:11:21+00:00,"@VLM2017 @Virgin @HyperloopOne @laurenlaverne Glad to hear it Melanie, thanks for joining us #FindingMyVirginity",2,1,0,Unavailable
9.1928E+17,Richard Branson,richardbranson,2017-10-14 19:12:00+00:00,@Ifey_Frederick @vmbusiness Glad you enjoyed it and best of luck with your business too #FindingMyVirginity,2,0,1,Unavailable
9.1928E+17,Richard Branson,richardbranson,2017-10-14 19:13:07+00:00,"@SaintGeorgio Thanks for joining us Georgio, glad you enjoyed it and hope you like #FindingMyVirginity too",3,1,2,Unavailable
9.1928E+17,Richard Branson,richardbranson,2017-10-14 19:14:49+00:00,@elena_sinel @Virgin @VirginStartUp Thanks for joining us and look forward to seeing what those teen entrepreneurs go on to do the change business for good #FindingMyVirginity,9,3,1,Unavailable
9.19281E+17,Richard Branson,richardbranson,2017-10-14 19:15:46+00:00,@BFENTON1985 Glad to hear it and hope you enjoyed the flight too #FindingMyVirginity,0,0,0,Unavailable
9.19281E+17,Richard Branson,richardbranson,2017-10-14 19:16:32+00:00,"@realstevenflynn Thank you Steven, that's great to hear",1,0,0,Unavailable
9.19282E+17,Richard Branson,richardbranson,2017-10-14 19:19:46+00:00,@emilycoxhead @Virgin Thanks for joining us Emily and keep spreading the happiness #FindingMyVirginity,6,0,0,Unavailable
9.19282E+17,Richard Branson,richardbranson,2017-10-14 19:20:59+00:00,"@LisaYoungIn @thisiskyoti @sofarsounds @TroxyLondon Thanks for joining us Lisa and Ed, and keep up the great work #FindingMyVirginity",3,2,0,Unavailable
9.19283E+17,Richard Branson,richardbranson,2017-10-14 19:23:45+00:00,"@wowhsquad @laurenlaverne Me too, thanks for joining us and what a great performance",3,0,1,Unavailable
9.19283E+17,Richard Branson,richardbranson,2017-10-14 19:25:10+00:00,"@jamaledwards Thanks so much Jamal, really appreciated and you did a brilliant job as ever. #FindingMyVirginity",25,3,0,Unavailable
9.19284E+17,Richard Branson,richardbranson,2017-10-14 19:27:40+00:00,@nolanmeddings Thanks for joining us Marcie - and quite right having your mum in first place! #findingmyvirginity,3,1,1,Unavailable
9.19284E+17,Richard Branson,richardbranson,2017-10-14 19:29:41+00:00,@AlexDEMitchell @VirginStartUp @Virgin @VirginUnite @VirginRed Thanks for your kind words Alex #FindingMyVirginity,1,0,0,Unavailable
9.19285E+17,Richard Branson,richardbranson,2017-10-14 19:34:16+00:00,@VirginRed He really stole the show didn't he... #findingmyvirginity,4,0,1,Unavailable
9.19286E+17,Richard Branson,richardbranson,2017-10-14 19:35:48+00:00,"@FEMMEHQ @TroxyLondon @Virgin Thanks for joining us, what a fantastic performance, sure you have a big future ahead #FindingMyVirginity",4,2,0,Unavailable
9.19286E+17,Richard Branson,richardbranson,2017-10-14 19:38:16+00:00,"@laurenlaverne Great talking to you Lauren, thanks so much for joining us",4,0,0,Unavailable
9.19287E+17,Richard Branson,richardbranson,2017-10-14 19:40:11+00:00,@juicemaster Hope you enjoy it Jason #FindingMyVirginity,4,0,1,Unavailable
9.19287E+17,Richard Branson,richardbranson,2017-10-14 19:40:52+00:00,@shervin @HyperloopOne Thanks for sharing Shervin. Exciting times ahead! #findingmyvirginity,8,0,0,Unavailable
9.19288E+17,Richard Branson,richardbranson,2017-10-14 19:43:40+00:00,"@JimYongKim Thank you, great to see you and excited for the work ahead.",7,1,0,Unavailable
9.19288E+17,Richard Branson,richardbranson,2017-10-14 19:47:04+00:00,@cwclub @Virgin @TaskRabbit @sbp04 @INFORUMsf Looking forward to it #findingmyvirginity,4,0,2,Unavailable
9.19291E+17,Richard Branson,richardbranson,2017-10-14 19:57:34+00:00,"@TroxyLondon Thanks for having us, had a great time launching #findingmyvirginity",2,0,0,Unavailable
9.19292E+17,Richard Branson,richardbranson,2017-10-14 19:59:24+00:00,@TowersBen Thanks for joining us Ben,14,1,0,Unavailable
9.23263E+17,Richard Branson,richardbranson,2017-10-25 19:01:13+00:00,What do you think makes a good salesperson? Here‚Äôs some advice from expert @peterrosengard https://t.co/OjtsJ5vSby https://t.co/dSMOjwE6Eo,103,35,26,Unavailable
9.23293E+17,Richard Branson,richardbranson,2017-10-25 21:00:52+00:00,To encourage everyone to listen to young people more and show them more respect here are my top 10 quotes on youth: https://t.co/SfSAjLudpE https://t.co/KZSSazl6fr,741,244,34,Unavailable
9.23474E+17,Richard Branson,richardbranson,2017-10-26 09:00:31+00:00,Read why @HollyBranson is celebrating inspiring sportswomen #onechallenge at a time: https://t.co/l3ftfDYb8Q https://t.co/FVUcP6nosO,82,17,6,Unavailable
9.2352E+17,Richard Branson,richardbranson,2017-10-26 12:01:34+00:00,India has committed to selling only electric vehicles by 2030. Could save 1 gigatonne of CO2 emissions https://t.co/HOlLmYFquD @RockyMtnInst https://t.co/72SnuHFs6n,338,126,25,Unavailable
9.23531E+17,Richard Branson,richardbranson,2017-10-26 12:45:15+00:00,India plans to transform its transport system to be one of the world‚Äôs cleanest and most advanced https://t.co/HOlLmYFquD https://t.co/3NG4GKkTl9,267,97,19,Unavailable
9.23542E+17,Richard Branson,richardbranson,2017-10-26 13:30:25+00:00,Ever been stuck in a traffic jam in India? The country is hoping to make it a thing of the past https://t.co/HOlLmYFquD @RockyMtnInst https://t.co/cyWxIYXZwc,147,43,22,Unavailable
9.23562E+17,Richard Branson,richardbranson,2017-10-26 14:49:21+00:00,Pleased Saudi Arabia intends to invest $1B in our space companies @virgingalactic @virgin_orbit @TheSpaceshipCo https://t.co/hmb3m1sCT9 https://t.co/UMzSUjTrrV,1018,707,141,Unavailable
9.23573E+17,Richard Branson,richardbranson,2017-10-26 15:30:29+00:00,Change is happening on a number of fronts in Saudi Arabia ‚Äì including through our space endeavours https://t.co/hmb3m1sCT9 https://t.co/HwaxwOQlO9,238,163,20,Unavailable
9.2358E+17,Richard Branson,richardbranson,2017-10-26 16:00:44+00:00,"New investment in our space cos is progress for Saudi Arabia's Vision 2030, focused on tech, education &amp; tourism https://t.co/hmb3m1sCT9 https://t.co/Sohcm95fEH",992,863,67,Unavailable
9.23588E+17,Richard Branson,richardbranson,2017-10-26 16:30:30+00:00,New $1B investment in our space companies @virgingalactic @virgin_orbit @TheSpaceshipCo https://t.co/hmb3m1sCT9 https://t.co/oyY7CfYmns,225,93,17,Unavailable
9.23595E+17,Richard Branson,richardbranson,2017-10-26 17:01:07+00:00,Excited to welcome KSA as our partners in opening access to space to change the world for good https://t.co/hmb3m1sCT9 @virgingalactic https://t.co/hPIWE7Jt69,435,352,40,Unavailable
9.2361E+17,Richard Branson,richardbranson,2017-10-26 18:01:14+00:00,Here‚Äôs my standout moments from launching #findingmyvirginity in the UK - I hope they raise a smile https://t.co/kBK3P08DB1 https://t.co/vUXYM5W7R2,178,28,28,Unavailable
9.23627E+17,Richard Branson,richardbranson,2017-10-26 19:05:18+00:00,"Shifting to a shared, electric system could save India one gigatonne of carbon dioxide emissions between now &amp; 2030 https://t.co/HOlLmYFquD https://t.co/nt6gvAgUGb",252,91,35,Unavailable
9.23837E+17,Richard Branson,richardbranson,2017-10-27 09:00:39+00:00,Doctor Yes? Meet Doctor Who! https://t.co/kBK3P08DB1 #findingmyvirginity https://t.co/N281d4znuR,282,38,19,Unavailable
9.23916E+17,Richard Branson,richardbranson,2017-10-27 14:15:25+00:00,Never Mind the Bollocks - here's the Sex Pistols 40th anniversary: https://t.co/CsZQYtCNnL https://t.co/qxGtcB5BIW,354,68,17,Unavailable
9.23916E+17,Richard Branson,richardbranson,2017-10-27 14:15:55+00:00,@nancibrillant It‚Äôs a lovely quote and wonderful reminder,3,0,0,Unavailable
9.23917E+17,Richard Branson,richardbranson,2017-10-27 14:19:32+00:00,@robertparkerx They are delightful to learn from ‚Äì they teach us so many lessons,1,0,0,Unavailable
9.23927E+17,Richard Branson,richardbranson,2017-10-27 15:00:33+00:00,Why Virgin Records was such a great fit for the Sex Pistols: https://t.co/CsZQYtCNnL https://t.co/Q0Ku9G1Ht3,129,23,10,Unavailable
9.23939E+17,Richard Branson,richardbranson,2017-10-27 15:45:27+00:00,40 years on from proving that bollocks has nothing to do with balls https://t.co/CsZQYtCNnL https://t.co/IUitOUFVBx,148,27,10,Unavailable
9.2395E+17,Richard Branson,richardbranson,2017-10-27 16:30:30+00:00,How the Sex Pistols helped make a name for @Virgin https://t.co/CsZQYtCNnL https://t.co/BOJe3I7LKw,114,20,7,Unavailable
9.23958E+17,Richard Branson,richardbranson,2017-10-27 17:01:15+00:00,"""The devastation on the island was overwhelming and complete. Almost nothing was spared."" - @DirectRelief https://t.co/6xqC3cCeoz https://t.co/QxBMbLk7wj",98,41,13,Unavailable
9.2397E+17,Richard Branson,richardbranson,2017-10-27 17:50:14+00:00,Proud to support @VirginMedia and @Scope who are helping 1m disabled people get into work https://t.co/1Vuz5zWAkF #WorkWithMe https://t.co/jJGDnJ1u2S,274,83,23,Unavailable
9.24E+17,Richard Branson,richardbranson,2017-10-27 19:50:10+00:00,Some people view dyslexia as a disability but I will never view it as one https://t.co/1Vuz5zWAkF #WorkWithMe @virginmedia https://t.co/2x3DTkHkjg,299,93,37,Unavailable
9.2401E+17,Richard Branson,richardbranson,2017-10-27 20:30:30+00:00,Businesses need to realise that inclusiveness pays off with more creative results https://t.co/1Vuz5zWAkF @VirginMedia @Scope #WorkWithMe https://t.co/Z5YfpGcEOs,200,76,19,Unavailable
9.24018E+17,Richard Branson,richardbranson,2017-10-27 21:00:48+00:00,Looking at the world differently is a strength and businesses should use it https://t.co/1Vuz5zWAkF @VirginMedia @Scope #WorkWithMe https://t.co/iIHZslFnNw,239,46,32,Unavailable
9.24033E+17,Richard Branson,richardbranson,2017-10-27 22:00:44+00:00,"40 years on, if you put on Never Mind The Bollocks and turn up the volume, it sounds as fresh as ever https://t.co/CsZQYtCNnL https://t.co/AOxPgF3j7c",860,128,55,Unavailable
9.24199E+17,Richard Branson,richardbranson,2017-10-28 09:00:23+00:00,Hard to believe that it's been 40 years since Virgin Records released The Sex Pistols‚Äô Never Mind The Bollocks: https://t.co/CsZQYtCNnL https://t.co/M5uBpikcXh,702,130,36,Unavailable
9.24229E+17,Richard Branson,richardbranson,2017-10-28 11:00:20+00:00,Four reasons why leaders should encourage their teams to travel more https://t.co/h3FrD1w2m5 https://t.co/o1CQAqA8EN,512,193,25,Unavailable
9.2426E+17,Richard Branson,richardbranson,2017-10-28 13:00:48+00:00,Another US city is set to get a taste of @VirginHotels https://t.co/rEsYQn98ip #VirginFamily https://t.co/zkahbZXUKA,152,31,15,Unavailable
9.2429E+17,Richard Branson,richardbranson,2017-10-28 15:00:39+00:00,"What can reduce staff turnover, sickness absence &amp; lower productivity? https://t.co/WsCi4OTtHL 100% #HumanAtWork https://t.co/AzSkeYd74k",187,89,50,Unavailable
9.2432E+17,Richard Branson,richardbranson,2017-10-28 17:01:04+00:00,Never lose the thrill of trying something for the first time. What‚Äôs on your list to try? https://t.co/rpPWRzhfdu #FindingMyVirginity https://t.co/lXjq8J1BBb,421,104,60,Unavailable
9.24592E+17,Richard Branson,richardbranson,2017-10-29 11:00:21+00:00,"As the #Voom Tour bus heads north of the border, we find out what business is like in Glasgow: https://t.co/iqZz9FizYW https://t.co/3dYuX1oAOt",175,29,10,Unavailable
9.24622E+17,Richard Branson,richardbranson,2017-10-29 13:00:37+00:00,Product launching and a business trip to Israel - an insight to the @VirginMedia engineering grad scheme: https://t.co/3UrqXsPH4f https://t.co/qik9zxIu67,106,13,8,Unavailable
9.24652E+17,Richard Branson,richardbranson,2017-10-29 15:00:28+00:00,Abilities are stronger than disabilities and if you want to work you should be supported https://t.co/1Vuz5zWAkF @Scope @virginmedia https://t.co/oSY2YyWSJk,501,123,58,Unavailable
9.24684E+17,Richard Branson,richardbranson,2017-10-29 17:05:09+00:00,Why I believe most people don‚Äôt need uniforms: https://t.co/CcomhZaa95 https://t.co/00JHNcR4HT,222,46,20,Unavailable
9.24713E+17,Richard Branson,richardbranson,2017-10-29 19:01:02+00:00,What makes a great salesperson? https://t.co/OjtsJ5vSby https://t.co/1eNgpAY2eJ,270,89,62,Unavailable
9.2494E+17,Richard Branson,richardbranson,2017-10-30 10:05:10+00:00,I‚Äôve been in business for 50 years and I‚Äôm still learning lessons and trying new things https://t.co/UMc4qDzttj  #FindingMyVirginity https://t.co/KDGikG4gZc,554,110,37,Unavailable
9.24967E+17,Richard Branson,richardbranson,2017-10-30 11:51:13+00:00,Very sorry for @virginactivesa hearing implant ad mistake - devices that help people to hear should be celebrated https://t.co/sbQhIp7cTW,123,24,15,Unavailable
9.24977E+17,Richard Branson,richardbranson,2017-10-30 12:30:33+00:00,Fortunate to have fitted hearing aids for people to hear for the 1st time with @starkeyhearing. Truly life-changing https://t.co/sbQhIp7cTW https://t.co/82tfWC3ymm,372,94,26,Unavailable
9.25022E+17,Richard Branson,richardbranson,2017-10-30 15:31:45+00:00,"After 22 very enjoyable and successful years, 2017 was @Virgin‚Äôs last V Festival https://t.co/2XwrtU5TbY #VFest https://t.co/zj5vkNoaRY",441,293,61,Unavailable
9.25024E+17,Richard Branson,richardbranson,2017-10-30 15:38:41+00:00,"@mobilematt I have indeed, the abridged version read by yours truly is available here https://t.co/g4uXyokeZ4",2,0,2,Unavailable
9.25025E+17,Richard Branson,richardbranson,2017-10-30 15:40:54+00:00,@kaz1505 @nat_pack @HeatherJ88 @Teryn1P @virginmediajobs Delighted to see you all enjoying yourselves. Thank you for sharing #VirginFamily,5,0,2,Unavailable
9.25025E+17,Richard Branson,richardbranson,2017-10-30 15:42:03+00:00,@VirginActiveUK Welcome to the #VirginFamily!,3,0,0,Unavailable
9.2503E+17,Richard Branson,richardbranson,2017-10-30 16:01:20+00:00,Excited about where the @virgin brand will go next to ensure music is a force for good https://t.co/2XwrtU5TbY #VFest https://t.co/ViWfOiL73A,154,21,13,Unavailable
9.25037E+17,Richard Branson,richardbranson,2017-10-30 16:30:38+00:00,From introducing Paul Weller onstage to my kids‚Äô first music festivals ‚Äì my #VFest highlights https://t.co/2XwrtU5TbY https://t.co/WRv5lx3q4E,119,24,5,Unavailable
9.25046E+17,Richard Branson,richardbranson,2017-10-30 17:05:19+00:00,2017 #VFest was @Virgin‚Äôs last: it‚Äôs been an incredible journey &amp; I can‚Äôt wait to see where our brand innovates next https://t.co/2XwrtU5TbY https://t.co/l68TG0ec6Q,155,45,8,Unavailable
9.25052E+17,Richard Branson,richardbranson,2017-10-30 17:30:44+00:00,#VFest has been an incredible experience but it‚Äôs time to change things up https://t.co/2XwrtU5TbY https://t.co/2wydDAgwkF,130,42,20,Unavailable
9.2506E+17,Richard Branson,richardbranson,2017-10-30 18:01:25+00:00,Can India change its transport system to become one of the world‚Äôs cleanest? https://t.co/HOlLmYFquD @RockyMtnInst https://t.co/4BWGrxZ0LL,248,130,51,Unavailable
9.23338E+17,Spencer Rascoff,spencerrascoff,2017-10-25 23:58:15+00:00,Companies (and people) with ambitious missions can achieve greatness. @Rich_Barton #PremierAgentForum,7,1,0,Unavailable
9.23338E+17,Spencer Rascoff,spencerrascoff,2017-10-26 00:00:00+00:00,"People want to work on big, important, meaningful things. @Rich_Barton #PremierAgentForum",12,2,1,Unavailable
9.23343E+17,Spencer Rascoff,spencerrascoff,2017-10-26 00:19:08+00:00,https://t.co/YRxs4d8Ml1,10,1,1,Unavailable
9.23347E+17,Spencer Rascoff,spencerrascoff,2017-10-26 00:32:48+00:00,"Happy to have @dearworld here at #PremierAgentForum. Write truth on your body, spread the love.",3,1,1,Unavailable
9.23348E+17,Spencer Rascoff,spencerrascoff,2017-10-26 00:37:23+00:00,Honored to work for and learn from @Rich_Barton. https://t.co/lplluLlFNS,6,0,0,Unavailable
9.23364E+17,Spencer Rascoff,spencerrascoff,2017-10-26 01:41:53+00:00,The interview in the glass box. #premieragent @Rich_Barton https://t.co/whR7Cd2jd0,1,2,1,Unavailable
9.23383E+17,Spencer Rascoff,spencerrascoff,2017-10-26 02:57:46+00:00,"Holly Waxman, @PremierAgent superstar. #PremierAgentForum what a difference 2 years makes! üëçüëè https://t.co/bloQAFxg6s",3,0,0,Unavailable
9.23431E+17,Spencer Rascoff,spencerrascoff,2017-10-26 06:08:53+00:00,"Another impressive quarter by $GRUB. They seem not to have been vanquished by amazon, postmates, instacart, ubereats, etc. Well done.",16,0,1,Unavailable
9.23528E+17,Spencer Rascoff,spencerrascoff,2017-10-26 12:35:26+00:00,Are you a trailblazer? #PremierAgentForum,6,1,1,Unavailable
9.23529E+17,Spencer Rascoff,spencerrascoff,2017-10-26 12:38:42+00:00,"My speech at #PremierAgentForum will discuss how A.I. will (and won't) impact real estate, @andrewrsorkin https://t.co/0za4DjCrgI  #FII2017",1,0,0,Unavailable
9.23538E+17,Spencer Rascoff,spencerrascoff,2017-10-26 13:11:34+00:00,"Just made more edits to my slides for speech this morning. If @kelseyhenager doesn't kill me, it will be a miracle. #PremierAgentForum",12,0,2,Unavailable
9.23544E+17,Spencer Rascoff,spencerrascoff,2017-10-26 13:37:57+00:00,Thank you Instagram Polls for giving me one less decision I have to make today. #premieragentforum https://t.co/6G0II9qxCP,10,1,0,Unavailable
9.23561E+17,Spencer Rascoff,spencerrascoff,2017-10-26 14:42:52+00:00,@FL_Gator_in_GA I will have a human speak to you today. We have lots of humans. Please email social@zillow.com and we‚Äôll get you help. Cc @russhatfield,0,0,0,Unavailable
9.23574E+17,Spencer Rascoff,spencerrascoff,2017-10-26 15:35:19+00:00,Love this. üí™ https://t.co/fvNXYpDbZj,1,0,1,Unavailable
9.23577E+17,Spencer Rascoff,spencerrascoff,2017-10-26 15:48:54+00:00,Some big announcements coming today from @Greg_M_Schwartz https://t.co/siIHkFMOTI,1,1,1,Unavailable
9.23577E+17,Spencer Rascoff,spencerrascoff,2017-10-26 15:49:08+00:00,@GregKlesius Good seat. üëç,0,0,0,Unavailable
9.23593E+17,Spencer Rascoff,spencerrascoff,2017-10-26 16:52:20+00:00,"Light saber = @ZillowGroup 

Jedi = @PremierAgents https://t.co/fjYRxSeO2i",10,0,1,Unavailable
9.23598E+17,Spencer Rascoff,spencerrascoff,2017-10-26 17:10:35+00:00,Pushing @PremierAgents to be trailblazing Jedi knights at #PremierAgentForum https://t.co/2RITa2eCYX,5,1,0,Unavailable
9.236E+17,Spencer Rascoff,spencerrascoff,2017-10-26 17:20:27+00:00,"Great explanation of @zillow ""Instant Offers"" by @amybo  

Generates potential seller contacts for @PremierAgents! 

#PremierAgentForum",4,0,3,Unavailable
9.23614E+17,Spencer Rascoff,spencerrascoff,2017-10-26 18:16:36+00:00,Here comes @Greg_M_Schwartz to announce new products and technologies for @PremierAgents #PremierAgentForum https://t.co/7X5CUGzT7u,1,2,0,Unavailable
9.23615E+17,Spencer Rascoff,spencerrascoff,2017-10-26 18:18:00+00:00,#PremierAgentForum https://t.co/EdCwbjz2jL,2,1,1,Unavailable
9.23615E+17,Spencer Rascoff,spencerrascoff,2017-10-26 18:21:09+00:00,https://t.co/3VOiOiALND,2,0,0,Unavailable
9.23616E+17,Spencer Rascoff,spencerrascoff,2017-10-26 18:24:51+00:00,@Greg_M_Schwartz #PremierAgentForum https://t.co/iPVaegF7Mu,2,0,1,Unavailable
9.23617E+17,Spencer Rascoff,spencerrascoff,2017-10-26 18:26:41+00:00,Stitching still pano-photos together to make 3D listings on iphone #PremierAgentForum @Greg_M_Schwartz https://t.co/1am5svdvXU,3,2,0,Unavailable
9.23619E+17,Spencer Rascoff,spencerrascoff,2017-10-26 18:34:27+00:00,New ad product @ZillowGroup @PremierAgent: Direct Mail #PremierAgentForum,0,1,0,Unavailable
9.23619E+17,Spencer Rascoff,spencerrascoff,2017-10-26 18:35:02+00:00,Improvements to @PremierAgent app (which is already the most used real estate agent app) #PremierAgentForum,1,0,0,Unavailable
9.23619E+17,Spencer Rascoff,spencerrascoff,2017-10-26 18:35:31+00:00,"Creat new tasks, including team member functions. https://t.co/EAn4aZRGK5",0,0,0,Unavailable
9.23621E+17,Spencer Rascoff,spencerrascoff,2017-10-26 18:44:50+00:00,Customer Satisfaction info on @PremierAgents. #TurnOnTheLights #premieragentforum https://t.co/8XfNBnL43M,0,1,0,Unavailable
9.23624E+17,Spencer Rascoff,spencerrascoff,2017-10-26 18:53:48+00:00,":) 

Did I ever t https://t.co/Qjuh9zY776",2,0,0,Unavailable
9.23626E+17,Spencer Rascoff,spencerrascoff,2017-10-26 19:04:29+00:00,@tkjellander Did I ever tell you that I was a serious chess player? ;) https://t.co/YJcAwdEemm,1,0,0,Unavailable
9.2364E+17,Spencer Rascoff,spencerrascoff,2017-10-26 19:57:55+00:00,Talking with @clangfordvc of @Lowes Ventures at #premieragentforum,3,0,0,Unavailable
9.2364E+17,Spencer Rascoff,spencerrascoff,2017-10-26 19:58:29+00:00,Interviewing head of Lowe‚Äôs Ventures at #PremierAgentForum https://t.co/5OvsLA0YpZ,5,2,0,Unavailable
9.23654E+17,Spencer Rascoff,spencerrascoff,2017-10-26 20:55:55+00:00,Coach @tomferry #premieragentforum. Always operating at a ‚Äú10‚Äù. https://t.co/xuKbDKJApe,12,4,1,Unavailable
9.23676E+17,Spencer Rascoff,spencerrascoff,2017-10-26 22:21:21+00:00,Teaching @PremierAgents 3D capture @natemoch https://t.co/X8ftzjC5dp,6,0,0,Unavailable
9.23678E+17,Spencer Rascoff,spencerrascoff,2017-10-26 22:29:31+00:00,Teaching @PremierAgents about the importance of culture #premieragentforum @corinakolbe @DanSpaulding1 https://t.co/5w2ER4L29Z,1,0,0,Unavailable
9.23689E+17,Spencer Rascoff,spencerrascoff,2017-10-26 23:12:31+00:00,Extremely proud of @ZillowGroup's pledge to combat homelessness through The Home Project. Learn more: https://t.co/lBcral7uuA https://t.co/kzO5Mipv3y,9,1,1,Unavailable
9.23692E+17,Spencer Rascoff,spencerrascoff,2017-10-26 23:24:12+00:00,@RacquelR305 discussing Home Project at #PremierAgentForum https://t.co/6USDbcVEbq,0,0,0,Unavailable
9.23692E+17,Spencer Rascoff,spencerrascoff,2017-10-26 23:25:58+00:00,"$5 million, 5 years to combat Housing Insecurity and homelessness #premieragentforum @RacquelR305 The Home Project üè† https://t.co/ZlTQJj77xA",6,1,0,Unavailable
9.23692E+17,Spencer Rascoff,spencerrascoff,2017-10-26 23:26:20+00:00,https://t.co/HpixPYEA9c,0,1,0,Unavailable
9.23693E+17,Spencer Rascoff,spencerrascoff,2017-10-26 23:27:17+00:00,https://t.co/9Y6ZtGbNxq,1,0,0,Unavailable
9.23693E+17,Spencer Rascoff,spencerrascoff,2017-10-26 23:29:19+00:00,How can @PremierAgents help with The Home Project? Be a community pillar in 2018. #PremierAgentForum,2,1,0,Unavailable
9.23711E+17,Spencer Rascoff,spencerrascoff,2017-10-27 00:40:23+00:00,Great job @RacquelR305 https://t.co/RBXu459vc0,7,0,0,Unavailable
9.23799E+17,Spencer Rascoff,spencerrascoff,2017-10-27 06:30:36+00:00,#PremierAgentForum https://t.co/0LKsvgoC5X,5,1,0,Unavailable
9.238E+17,Spencer Rascoff,spencerrascoff,2017-10-27 06:34:40+00:00,"Pool dancers. Sure, why not. #PremierAgentForum https://t.co/obfreeOVGT",22,1,1,Unavailable
9.23804E+17,Spencer Rascoff,spencerrascoff,2017-10-27 06:50:44+00:00,Indoor fireworks? Sure. Why not. #PremierAgentForum https://t.co/qsPRX80RLU,19,1,0,Unavailable
9.23932E+17,Spencer Rascoff,spencerrascoff,2017-10-27 15:18:54+00:00,@caseysmith1121 @zillow Great spending time with you!,1,0,0,Unavailable
9.23932E+17,Spencer Rascoff,spencerrascoff,2017-10-27 15:19:31+00:00,@HomeSellrDBrown Sorry no! Good luck!! @GrantGurewitz can you ask our events team if it was turned into them?,0,0,0,Unavailable
9.2409E+17,Spencer Rascoff,spencerrascoff,2017-10-28 01:47:53+00:00,Don‚Äôt understand why @FOXTV takes ads for @YouTube and @Netflix on #WorldSeries. Do they not realize Internet TV is killing them?,30,3,11,Unavailable
9.25019E+17,Spencer Rascoff,spencerrascoff,2017-10-30 15:19:30+00:00,"On Manafort Day, it's time to re-recommend ""Get Me Roger Stone"", documentary by my friend @morganpehme https://t.co/8uSBK7AxRk",12,2,0,Unavailable
9.25027E+17,Spencer Rascoff,spencerrascoff,2017-10-30 15:51:32+00:00,Reading and responding to @ZillowGroup reviews on @Glassdoor.,4,1,2,Unavailable
